{
   "localization": {"group": {
      "de": [],
      "ko": [],
      "zh-TW": [],
      "ja": [],
      "en": [],
      "fr": [],
      "zh-CN": []
   }},
   "entries": {"resource": [{
      "resourceKindKey": "Universe",
      "internalId": "resource:id:0_::_",
      "adapterKindKey": "Container",
      "identifiers": [],
      "name": "Universe"
   }]},
   "dashboards": [{
      "shared": true,
      "temporary": false,
      "namePath": "Customer",
      "creationTime": 1476702837312,
      "autoswitchEnabled": false,
      "importAttempts": 0,
      "columnProportion": "1",
      "importComplete": true,
      "description": "",
      "columnCount": 1,
      "widgets": [{
         "collapsed": false,
         "x": 1,
         "y": 1,
         "id": "ca8f3b30-5abd-4941-b903-fb93bb19d04a",
         "type": "View",
         "title": "DPC VM Performance List",
         "config": {
            "resource": {
               "resourceKindKey": "{adKind=Container, resKind=Universe}",
               "qshowDelay": 0,
               "resourceId": "resource:id:0_::_",
               "expandable": true,
               "isLast": true,
               "iconSrc": "images/resknd/custom/16x16/Container_Universe.png",
               "traversalSpecId": "",
               "icon": "",
               "loaded": false,
               "isFirst": true,
               "expanded": false,
               "children": null,
               "adapterKindId": "Container",
               "root": false,
               "checked": null,
               "hrefTarget": "",
               "id": "3ad43146-cb4a-4c82-8788-1ed551c66670",
               "text": "Universe",
               "href": "",
               "iconCls": "resknd_custom_container_universe",
               "qtitle": "",
               "visible": true,
               "index": 0,
               "resourceName": "Universe",
               "resourceKindId": "002009ContainerUniverse",
               "cls": "",
               "leaf": true,
               "nodeType": "resource",
               "loading": false,
               "parentId": "Ext.vcops.ResourceTree.Model-84",
               "depth": 3,
               "resourceKindType": "8",
               "allowDrag": true,
               "allowDrop": true,
               "uniqueId": "3ad43146-cb4a-4c82-8788-1ed551c66670_1478676312688",
               "qtip": ""
            },
            "selfProvider": {"selfProvider": true},
            "title": "DPC VM Performance List",
            "viewDefinitionId": "508fa69f-ff78-4f7e-9e9c-244ab412c59e"
         },
         "height": 634
      }],
      "userId": "56a4d1c9-d9a9-4236-8b65-72d1bf91f684",
      "isDefault": false,
      "name": "Customer/DPC Customer VM Performance",
      "rank": 67,
      "disabled": false,
      "id": "cebf798a-b005-429a-aa89-2648c956f1c1",
      "locked": false,
      "widgetInteractions": []
   }],
   "uuid": "228ea9e9-1f80-489a-8bfc-61ccf95cdcd0"
}