Group,Member
DELG-ACP-TSS-L-RDPUsers,ROLE-HC2-<LocationCode>-G-InfrastructureAdmins
DELG-ACP-TSS-L-RDPUsers,ROLE-HC2-<LocationCode>-G-NSXAdmins
DELG-ACP-TSS-L-RDPUsers,ROLE-HC2-<LocationCode>-G-WorkloadAdmins
DELG-ACP-TSS-L-RDPUsers,ROLE-HC2-<LocationCode>-G-ClientBackupAdmins
APPL-DPC-VRO-L-Admins,SVC-HC2-<LocationCode>-VRO01
APPL-HC2-<LocationCode>-VCS-L-Admins,SVC-HC2-<LocationCode>-NSX01
APPL-HC2-<LocationCode>-VCS-L-Admins,SVC-HC2-<LocationCode>-VRO01
APPL-HC2-<LocationCode>-VCS-L-Admins,SVC-HC2-<LocationCode>-VRA01
APPL-HC2-<LocationCode>-VCS-L-Admins,SVC-HC2-<LocationCode>-VOP01
APPL-HC2-<LocationCode>-VCS-L-Admins,SVC-HC2-<LocationCode>-VLI01
APPL-HC2-<LocationCode>-VCS-L-Admins,SVC-HC2-<LocationCode>-EMC01
APPL-HC2-<LocationCode>-VCS-L-Admins,SVC-ACP-VCM02
APPL-HC2-<LocationCode>-VCS-L-Admins,SVC-ACP-VRA01
APPL-HC2-<LocationCode>-VCS-L-Admins,ROLE-HC2-<LocationCode>-G-InfrastructureAdmins
APPL-HC2-<LocationCode>-VCS-L-Readonly,ROLE-HC2-<LocationCode>-G-NSXAdmins
APPL-HC2-<LocationCode>-VCS-L-Readonly,ROLE-HC2-<LocationCode>-G-WorkloadAdmins
APPL-HC2-<LocationCode>-VCS-L-Readonly,SVC-ACP-CSI01
APPL-HC2-<LocationCode>-SQL-L-Admins,ROLE-HC2-<LocationCode>-G-InfrastructureAdmins
APPL-HC2-<LocationCode>-NSX-L-EnterpriseAdmins,ROLE-HC2-<LocationCode>-G-NSXAdmins
APPL-HC2-<LocationCode>-NSX-L-EnterpriseAdmins,SVC-HC2-<LocationCode>-VOP01
APPL-HC2-<LocationCode>-NSX-L-EnterpriseAdmins,SVC-HC2-<LocationCode>-VRO01
APPL-HC2-<LocationCode>-NSX-L-EnterpriseAdmins,SVC-HC2-<LocationCode>-VRA01
DELG-HC2-<LocationCode>-SVR-L-Admins,ROLE-HC2-<LocationCode>-G-InfrastructureAdmins
DELG-HC2-<LocationCode>-SVR-L-Admins,SVC-ACP-VCM01
DELG-HC2-<LocationCode>-SVR-L-Admins,SVC-ACP-EPO01
DELG-HC2-<LocationCode>-TSS-L-RDPUsers,ROLE-HC2-<LocationCode>-G-WorkloadAdmins
DELG-HC2-<LocationCode>-TSS-L-RDPUsers,ROLE-HC2-<LocationCode>-G-NSXAdmins
DELG-HC2-<LocationCode>-ESX-L-Admins,ROLE-HC2-<LocationCode>-G-InfrastructureAdmins
APPL-HC2-<LocationCode>-EMC-L-ClientBackupAdmins,ROLE-HC2-<LocationCode>-G-ClientBackupAdmins
APPL-HC2-<LocationCode>-VCS-L-AvamarAccess,SVC-HC2-<LocationCode>-EMC01
DELG-DPC-AD-L-DenyLogonLocal,SVC-HC2-<LocationCode>-LDP01
DELG-DPC-AD-L-DenyLogonLocal,SVC-HC2-<LocationCode>-NSX01
DELG-DPC-AD-L-DenyLogonLocal,SVC-HC2-<LocationCode>-VRA01
DELG-DPC-AD-L-DenyLogonLocal,SVC-HC2-<LocationCode>-VRO01
DELG-DPC-AD-L-DenyLogonLocal,SVC-HC2-<LocationCode>-SRM01
DELG-DPC-AD-L-DenyLogonLocal,SVC-HC2-<LocationCode>-EMC01
DELG-DPC-AD-G-AdminPwdPolicy,SVC-HC2-<LocationCode>-LDP01
DELG-DPC-AD-G-AdminPwdPolicy,SVC-HC2-<LocationCode>-NSX01
DELG-DPC-AD-G-AdminPwdPolicy,SVC-HC2-<LocationCode>-VRA01
DELG-DPC-AD-G-AdminPwdPolicy,SVC-HC2-<LocationCode>-VRO01
DELG-DPC-AD-G-AdminPwdPolicy,SVC-HC2-<LocationCode>-SRM01
DELG-DPC-AD-G-AdminPwdPolicy,SVC-HC2-<LocationCode>-EMC01
DELG-DPC-AD-L-LogOnAsServiceRights,SVC-HC2-<LocationCode>-LDP01
DELG-DPC-AD-L-LogOnAsServiceRights,SVC-HC2-<LocationCode>-NSX01
DELG-DPC-AD-L-LogOnAsServiceRights,SVC-HC2-<LocationCode>-VRA01
DELG-DPC-AD-L-LogOnAsServiceRights,SVC-HC2-<LocationCode>-VRO01
DELG-DPC-AD-L-LogOnAsServiceRights,SVC-HC2-<LocationCode>-SRM01
DELG-DPC-AD-L-LogOnAsServiceRights,SVC-HC2-<LocationCode>-EMC01
