"Name","Description"
"APPL-HC2-<LocationCode>-VCS-L-Admins","Resource Group for Administrators of HC2 vCenter - <Location>"
"APPL-HC2-<LocationCode>-VCS-L-Readonly","Resource Group for Users of HC2 vCenter - <Location>"
"APPL-HC2-<LocationCode>-SQL-L-Admins","Resource Group for Administrators of HC2 SQL - <Location>"
"DELG-HC2-<LocationCode>-SVR-L-Admins",Resource Group for Administrators of HC2 Windows Servers - <Location>"
"DELG-HC2-<LocationCode>-SVR-L-RDPUsers",Resource Group for RDP Users of HC2 Windows Servers - <Location>"
"DELG-HC2-<LocationCode>-TSS-L-RDPUsers",Resource Group for RDP Users of HC2 Terminal Servers - <Location>"
"APPL-HC2-<LocationCode>-VCS-L-WorkloadAdmin","Resource Group for Customer OS Management team - <Location>"
"APPL-HC2-<LocationCode>-NSX-L-EnterpriseAdmins","Resource Group for NSX Enterprise Admins in HC2 - <Location>"
"DELG-HC2-<LocationCode>-ESX-L-Admins","Resource Group for Administrators of ESXi hosts in HC2 - <Location>"
"APPL-HC2-<LocationCode>-EMC-L-ClientBackupAdmins","Resource group for Client Workload Backup Admins in Avamar for HC2 - <Location>"
"APPL-HC2-<LocationCode>-VCS-L-AvamarAccess","Resource group for Avamar Service account to access vCenter server in HC2 - <Location>"
"APPL-HC2-<LocationCode>-SHW-L-Admins","Resource Group for Administrators of Server Hardware  in HC2 - <Location>"