"SamAccountName","Description"
"SVC-HC2-<LocationCode>-LDP01", "Service Account used by HC2 vcenter in <Location> to bind with LDAP"
"SVC-HC2-<LocationCode>-NSX01", "Service Account for VMware NSX in HC2 - <Location>"
"SVC-HC2-<LocationCode>-VRA01", "Service Account for vRealize Automation in HC2 - <Location>"
"SVC-HC2-<LocationCode>-VRO01", "Service Account for vRealize Orchestrator in HC2 - <Location>"
"SVC-HC2-<LocationCode>-SRM01", "Service Account for SRM in HC2 - <Location>"
"SVC-HC2-<LocationCode>-VOP01", "Service Account for vROPS collector in HC2 - <Location>"
"SVC-HC2-<LocationCode>-VLI01", "Service Account for vRealize LogInsight Forwarder in HC2 - <Location>"
"SVC-HC2-<LocationCode>-EMC01", "Service Account for Avamar in HC2 - <Location>"
