<?xml version="1.0" encoding="utf-8"?><!-- Copyright (c) Microsoft Corporation.  All rights reserved. --><GroupPolicyBackupScheme bkp:version="2.0" bkp:type="GroupPolicyBackupTemplate" xmlns:bkp="http://www.microsoft.com/GroupPolicy/GPOOperations" xmlns="http://www.microsoft.com/GroupPolicy/GPOOperations">
    <GroupPolicyObject><SecurityGroups><Group><Sid/><SamAccountName><![CDATA[Administrators]]></SamAccountName><Type><![CDATA[Unknown]]></Type><NetBIOSDomainName/><DnsDomainName/><UPN/></Group><Group><Sid/><SamAccountName><![CDATA[Guests]]></SamAccountName><Type><![CDATA[Unknown]]></Type><NetBIOSDomainName/><DnsDomainName/><UPN/></Group><Group><Sid/><SamAccountName><![CDATA[LOCAL SERVICE]]></SamAccountName><Type><![CDATA[Unknown]]></Type><NetBIOSDomainName/><DnsDomainName/><UPN/></Group><Group><Sid/><SamAccountName><![CDATA[NETWORK SERVICE]]></SamAccountName><Type><![CDATA[Unknown]]></Type><NetBIOSDomainName/><DnsDomainName/><UPN/></Group><Group><Sid/><SamAccountName><![CDATA[SERVICE]]></SamAccountName><Type><![CDATA[Unknown]]></Type><NetBIOSDomainName/><DnsDomainName/><UPN/></Group><Group><Sid/><SamAccountName><![CDATA[ENTERPRISE DOMAIN CONTROLLERS]]></SamAccountName><Type><![CDATA[Unknown]]></Type><NetBIOSDomainName/><DnsDomainName/><UPN/></Group><Group><Sid/><SamAccountName><![CDATA[Authenticated Users]]></SamAccountName><Type><![CDATA[Unknown]]></Type><NetBIOSDomainName/><DnsDomainName/><UPN/></Group><Group bkp:Source="FromDACL"><Sid><![CDATA[S-1-5-21-1880876982-1843913357-3062639699-512]]></Sid><SamAccountName><![CDATA[Domain Admins]]></SamAccountName><Type><![CDATA[GlobalGroup]]></Type><NetBIOSDomainName><![CDATA[IACCP1]]></NetBIOSDomainName><DnsDomainName><![CDATA[IACCP1.LOCAL]]></DnsDomainName><UPN><![CDATA[Domain Admins@IACCP1.LOCAL]]></UPN></Group><Group bkp:Source="FromDACL"><Sid><![CDATA[S-1-5-21-1880876982-1843913357-3062639699-519]]></Sid><SamAccountName><![CDATA[Enterprise Admins]]></SamAccountName><Type><![CDATA[UniversalGroup]]></Type><NetBIOSDomainName><![CDATA[IACCP1]]></NetBIOSDomainName><DnsDomainName><![CDATA[IACCP1.LOCAL]]></DnsDomainName><UPN><![CDATA[Enterprise Admins@IACCP1.LOCAL]]></UPN></Group><Group><Sid><![CDATA[S-1-5-21-1880876982-1843913357-3062639699-1128]]></Sid><SamAccountName><![CDATA[DELG-DPC-AD-L-DenyLogonLocal]]></SamAccountName><Type><![CDATA[LocalGroup]]></Type><NetBIOSDomainName><![CDATA[IACCP1]]></NetBIOSDomainName><DnsDomainName><![CDATA[IACCP1.LOCAL]]></DnsDomainName><UPN><![CDATA[DELG-DPC-AD-L-DenyLogonLocal@IACCP1.LOCAL]]></UPN></Group><Group><Sid><![CDATA[S-1-5-21-1880876982-1843913357-3062639699-1127]]></Sid><SamAccountName><![CDATA[DELG-DPC-AD-L-LogOnAsServiceRights]]></SamAccountName><Type><![CDATA[LocalGroup]]></Type><NetBIOSDomainName><![CDATA[IACCP1]]></NetBIOSDomainName><DnsDomainName><![CDATA[IACCP1.LOCAL]]></DnsDomainName><UPN><![CDATA[DELG-DPC-AD-L-LogOnAsServiceRights@IACCP1.LOCAL]]></UPN></Group><Group bkp:Source="FromDACL"><Sid><![CDATA[S-1-5-21-1880876982-1843913357-3062639699-2108]]></Sid><SamAccountName><![CDATA[ADEVWGRE4VCM001$]]></SamAccountName><Type><![CDATA[Computer]]></Type><NetBIOSDomainName><![CDATA[IACCP1]]></NetBIOSDomainName><DnsDomainName><![CDATA[IACCP1.LOCAL]]></DnsDomainName><UPN><![CDATA[ADEVWGRE4VCM001$@IACCP1.LOCAL]]></UPN></Group></SecurityGroups><FilePaths/><GroupPolicyCoreSettings><ID><![CDATA[{456B0CA7-5150-4084-9C01-322FE2FA820F}]]></ID><Domain><![CDATA[IACCP1.LOCAL]]></Domain><SecurityDescriptor>01 00 04 9c 00 00 00 00 00 00 00 00 00 00 00 00 14 00 00 00 04 00 0c 01 08 00 00 00 05 02 38 00 00 01 00 00 01 00 00 00 8f fd ac ed b3 ff d1 11 b4 1d 00 a0 c9 68 f9 39 01 05 00 00 00 00 00 05 15 00 00 00 b6 e7 1b 70 8d e2 e7 6d 53 2c 8c b6 3c 08 00 00 00 00 24 00 ff 00 0f 00 01 05 00 00 00 00 00 05 15 00 00 00 b6 e7 1b 70 8d e2 e7 6d 53 2c 8c b6 00 02 00 00 00 02 24 00 14 00 02 00 01 05 00 00 00 00 00 05 15 00 00 00 b6 e7 1b 70 8d e2 e7 6d 53 2c 8c b6 3c 08 00 00 00 02 24 00 ff 00 0f 00 01 05 00 00 00 00 00 05 15 00 00 00 b6 e7 1b 70 8d e2 e7 6d 53 2c 8c b6 00 02 00 00 00 02 24 00 ff 00 0f 00 01 05 00 00 00 00 00 05 15 00 00 00 b6 e7 1b 70 8d e2 e7 6d 53 2c 8c b6 07 02 00 00 00 02 14 00 94 00 02 00 01 01 00 00 00 00 00 05 09 00 00 00 00 02 14 00 ff 00 0f 00 01 01 00 00 00 00 00 05 12 00 00 00 00 0a 14 00 ff 00 0f 00 01 01 00 00 00 00 00 03 00 00 00 00</SecurityDescriptor><DisplayName><![CDATA[MemberServerBasic-v0006]]></DisplayName><Options><![CDATA[0]]></Options><UserVersionNumber><![CDATA[131074]]></UserVersionNumber><MachineVersionNumber><![CDATA[1638425]]></MachineVersionNumber><MachineExtensionGuids><![CDATA[[{00000000-0000-0000-0000-000000000000}{BEE07A6A-EC9F-4659-B8C9-0B1937907C83}][{35378EAC-683F-11D2-A89A-00C04FBBCFA2}{62C1845D-C4A6-4ACB-BBB0-C895FD090385}{B05566AC-FE9C-4368-BE01-7A4CBB6CBA11}{D02B1F72-3407-48AE-BA88-E8213C6761F1}][{7933F41E-56F8-41D6-A31C-4148A711EE93}{D02B1F72-3407-48AE-BA88-E8213C6761F1}][{827D319E-6EAC-11D2-A4EA-00C04F79F83A}{803E14A0-B4FB-11D0-A0D0-00A0C90F574B}][{B087BE9D-ED37-454F-AF9C-04291E351182}{BEE07A6A-EC9F-4659-B8C9-0B1937907C83}][{F3CCC681-B74C-4060-9F26-CD84525DCA2A}{0F3F3735-573D-9804-99E4-AB2A69BA5FD4}]]]></MachineExtensionGuids><UserExtensionGuids><![CDATA[[{35378EAC-683F-11D2-A89A-00C04FBBCFA2}{D02B1F73-3407-48AE-BA88-E8213C6761F1}]]]></UserExtensionGuids><WMIFilter/></GroupPolicyCoreSettings> 
        <GroupPolicyExtension bkp:ID="{35378EAC-683F-11D2-A89A-00C04FBBCFA2}" bkp:DescName="Registry">
            <FSObjectFile bkp:Path="%GPO_MACH_FSPATH%\registry.pol" bkp:SourceExpandedPath="\\ADEVWGRE4ADC001.IACCP1.LOCAL\sysvol\IACCP1.LOCAL\Policies\{456B0CA7-5150-4084-9C01-322FE2FA820F}\Machine\registry.pol" bkp:Location="DomainSysvol\GPO\Machine\registry.pol"/>
            <FSObjectFile bkp:Path="%GPO_USER_FSPATH%\registry.pol" bkp:SourceExpandedPath="\\ADEVWGRE4ADC001.IACCP1.LOCAL\sysvol\IACCP1.LOCAL\Policies\{456B0CA7-5150-4084-9C01-322FE2FA820F}\User\registry.pol" bkp:Location="DomainSysvol\GPO\User\registry.pol"/>
            <FSObjectFile bkp:Path="%GPO_FSPATH%\Adm\*.*" bkp:SourceExpandedPath="\\ADEVWGRE4ADC001.IACCP1.LOCAL\sysvol\IACCP1.LOCAL\Policies\{456B0CA7-5150-4084-9C01-322FE2FA820F}\Adm\*.*"/>
        </GroupPolicyExtension>
        
        
        
        
        <GroupPolicyExtension bkp:ID="{827D319E-6EAC-11D2-A4EA-00C04F79F83A}" bkp:DescName="Security">
            <FSObjectFile bkp:Path="%GPO_MACH_FSPATH%\microsoft\windows nt\SecEdit\GptTmpl.inf" bkp:SourceExpandedPath="\\ADEVWGRE4ADC001.IACCP1.LOCAL\sysvol\IACCP1.LOCAL\Policies\{456B0CA7-5150-4084-9C01-322FE2FA820F}\Machine\microsoft\windows nt\SecEdit\GptTmpl.inf" bkp:ReEvaluateFunction="SecurityValidateSettings" bkp:Location="DomainSysvol\GPO\Machine\microsoft\windows nt\SecEdit\GptTmpl.inf"/>
        </GroupPolicyExtension>
        
        
        
        
    <GroupPolicyExtension bkp:ID="{F15C46CD-82A0-4C2D-A210-5D0D3182A418}" bkp:DescName="Unknown Extension"><FSObjectDir bkp:Path="%GPO_MACH_FSPATH%\Applications" bkp:SourceExpandedPath="\\ADEVWGRE4ADC001.IACCP1.LOCAL\sysvol\IACCP1.LOCAL\Policies\{456B0CA7-5150-4084-9C01-322FE2FA820F}\Machine\Applications" bkp:Location="DomainSysvol\GPO\Machine\Applications"/><FSObjectFile bkp:Path="%GPO_MACH_FSPATH%\comment.cmtx" bkp:SourceExpandedPath="\\ADEVWGRE4ADC001.IACCP1.LOCAL\sysvol\IACCP1.LOCAL\Policies\{456B0CA7-5150-4084-9C01-322FE2FA820F}\Machine\comment.cmtx" bkp:Location="DomainSysvol\GPO\Machine\comment.cmtx"/><FSObjectDir bkp:Path="%GPO_MACH_FSPATH%\microsoft" bkp:SourceExpandedPath="\\ADEVWGRE4ADC001.IACCP1.LOCAL\sysvol\IACCP1.LOCAL\Policies\{456B0CA7-5150-4084-9C01-322FE2FA820F}\Machine\microsoft" bkp:Location="DomainSysvol\GPO\Machine\microsoft"/><FSObjectDir bkp:Path="%GPO_MACH_FSPATH%\microsoft\windows nt" bkp:SourceExpandedPath="\\ADEVWGRE4ADC001.IACCP1.LOCAL\sysvol\IACCP1.LOCAL\Policies\{456B0CA7-5150-4084-9C01-322FE2FA820F}\Machine\microsoft\windows nt" bkp:Location="DomainSysvol\GPO\Machine\microsoft\windows nt"/><FSObjectDir bkp:Path="%GPO_MACH_FSPATH%\microsoft\windows nt\Audit" bkp:SourceExpandedPath="\\ADEVWGRE4ADC001.IACCP1.LOCAL\sysvol\IACCP1.LOCAL\Policies\{456B0CA7-5150-4084-9C01-322FE2FA820F}\Machine\microsoft\windows nt\Audit" bkp:Location="DomainSysvol\GPO\Machine\microsoft\windows nt\Audit"/><FSObjectFile bkp:Path="%GPO_MACH_FSPATH%\microsoft\windows nt\Audit\audit.csv" bkp:SourceExpandedPath="\\ADEVWGRE4ADC001.IACCP1.LOCAL\sysvol\IACCP1.LOCAL\Policies\{456B0CA7-5150-4084-9C01-322FE2FA820F}\Machine\microsoft\windows nt\Audit\audit.csv" bkp:Location="DomainSysvol\GPO\Machine\microsoft\windows nt\Audit\audit.csv"/><FSObjectDir bkp:Path="%GPO_MACH_FSPATH%\microsoft\windows nt\SecEdit" bkp:SourceExpandedPath="\\ADEVWGRE4ADC001.IACCP1.LOCAL\sysvol\IACCP1.LOCAL\Policies\{456B0CA7-5150-4084-9C01-322FE2FA820F}\Machine\microsoft\windows nt\SecEdit" bkp:Location="DomainSysvol\GPO\Machine\microsoft\windows nt\SecEdit"/><FSObjectDir bkp:Path="%GPO_MACH_FSPATH%\Preferences" bkp:SourceExpandedPath="\\ADEVWGRE4ADC001.IACCP1.LOCAL\sysvol\IACCP1.LOCAL\Policies\{456B0CA7-5150-4084-9C01-322FE2FA820F}\Machine\Preferences" bkp:Location="DomainSysvol\GPO\Machine\Preferences"/><FSObjectDir bkp:Path="%GPO_MACH_FSPATH%\Preferences\Registry" bkp:SourceExpandedPath="\\ADEVWGRE4ADC001.IACCP1.LOCAL\sysvol\IACCP1.LOCAL\Policies\{456B0CA7-5150-4084-9C01-322FE2FA820F}\Machine\Preferences\Registry" bkp:Location="DomainSysvol\GPO\Machine\Preferences\Registry"/><FSObjectFile bkp:Path="%GPO_MACH_FSPATH%\Preferences\Registry\Registry.xml" bkp:SourceExpandedPath="\\ADEVWGRE4ADC001.IACCP1.LOCAL\sysvol\IACCP1.LOCAL\Policies\{456B0CA7-5150-4084-9C01-322FE2FA820F}\Machine\Preferences\Registry\Registry.xml" bkp:Location="DomainSysvol\GPO\Machine\Preferences\Registry\Registry.xml"/><FSObjectDir bkp:Path="%GPO_MACH_FSPATH%\Scripts" bkp:SourceExpandedPath="\\ADEVWGRE4ADC001.IACCP1.LOCAL\sysvol\IACCP1.LOCAL\Policies\{456B0CA7-5150-4084-9C01-322FE2FA820F}\Machine\Scripts" bkp:Location="DomainSysvol\GPO\Machine\Scripts"/><FSObjectDir bkp:Path="%GPO_MACH_FSPATH%\Scripts\Shutdown" bkp:SourceExpandedPath="\\ADEVWGRE4ADC001.IACCP1.LOCAL\sysvol\IACCP1.LOCAL\Policies\{456B0CA7-5150-4084-9C01-322FE2FA820F}\Machine\Scripts\Shutdown" bkp:Location="DomainSysvol\GPO\Machine\Scripts\Shutdown"/><FSObjectDir bkp:Path="%GPO_MACH_FSPATH%\Scripts\Startup" bkp:SourceExpandedPath="\\ADEVWGRE4ADC001.IACCP1.LOCAL\sysvol\IACCP1.LOCAL\Policies\{456B0CA7-5150-4084-9C01-322FE2FA820F}\Machine\Scripts\Startup" bkp:Location="DomainSysvol\GPO\Machine\Scripts\Startup"/><FSObjectDir bkp:Path="%GPO_USER_FSPATH%\Applications" bkp:SourceExpandedPath="\\ADEVWGRE4ADC001.IACCP1.LOCAL\sysvol\IACCP1.LOCAL\Policies\{456B0CA7-5150-4084-9C01-322FE2FA820F}\User\Applications" bkp:Location="DomainSysvol\GPO\User\Applications"/><FSObjectFile bkp:Path="%GPO_USER_FSPATH%\comment.cmtx" bkp:SourceExpandedPath="\\ADEVWGRE4ADC001.IACCP1.LOCAL\sysvol\IACCP1.LOCAL\Policies\{456B0CA7-5150-4084-9C01-322FE2FA820F}\User\comment.cmtx" bkp:Location="DomainSysvol\GPO\User\comment.cmtx"/><FSObjectDir bkp:Path="%GPO_USER_FSPATH%\Documents &amp; Settings" bkp:SourceExpandedPath="\\ADEVWGRE4ADC001.IACCP1.LOCAL\sysvol\IACCP1.LOCAL\Policies\{456B0CA7-5150-4084-9C01-322FE2FA820F}\User\Documents &amp; Settings" bkp:Location="DomainSysvol\GPO\User\Documents &amp; Settings"/><FSObjectDir bkp:Path="%GPO_USER_FSPATH%\Scripts" bkp:SourceExpandedPath="\\ADEVWGRE4ADC001.IACCP1.LOCAL\sysvol\IACCP1.LOCAL\Policies\{456B0CA7-5150-4084-9C01-322FE2FA820F}\User\Scripts" bkp:Location="DomainSysvol\GPO\User\Scripts"/><FSObjectDir bkp:Path="%GPO_USER_FSPATH%\Scripts\Logoff" bkp:SourceExpandedPath="\\ADEVWGRE4ADC001.IACCP1.LOCAL\sysvol\IACCP1.LOCAL\Policies\{456B0CA7-5150-4084-9C01-322FE2FA820F}\User\Scripts\Logoff" bkp:Location="DomainSysvol\GPO\User\Scripts\Logoff"/><FSObjectDir bkp:Path="%GPO_USER_FSPATH%\Scripts\Logon" bkp:SourceExpandedPath="\\ADEVWGRE4ADC001.IACCP1.LOCAL\sysvol\IACCP1.LOCAL\Policies\{456B0CA7-5150-4084-9C01-322FE2FA820F}\User\Scripts\Logon" bkp:Location="DomainSysvol\GPO\User\Scripts\Logon"/></GroupPolicyExtension></GroupPolicyObject>
</GroupPolicyBackupScheme>