<BackupInst xmlns="http://www.microsoft.com/GroupPolicy/GPOOperations/Manifest"><GPOGuid><![CDATA[{27599E84-2790-4D15-8CF6-3242D4520CC2}]]></GPOGuid><GPODomain><![CDATA[DPCMGT.LOCAL]]></GPODomain><GPODomainGuid><![CDATA[{9fbe6325-3ece-41bc-aab1-11cdd625c30e}]]></GPODomainGuid><GPODomainController><![CDATA[AACPWGREAD001.DPCMGT.LOCAL]]></GPODomainController><BackupTime><![CDATA[2016-10-16T10:35:03]]></BackupTime><ID><![CDATA[{3380124C-B092-4717-8985-32CEE145D795}]]></ID><Comment><![CDATA[]]></Comment><GPODisplayName><![CDATA[ACP-SVR-ACCPServers-v0005]]></GPODisplayName></BackupInst>
