{
    "Base":  [
                 {
                     "Key":  "Vcenter",
                     "Value":  "ADEVLGRE1VCS001"
                 },
                 {
                     "Key":  "Datastore",
                     "Value":  "vSANDatastorePMC001"
                 },
                 {
                     "Key":  "Cluster",
                     "Value":  "DEVCGRE1PMC001"
                 },
                 {
                     "Key":  "Folder",
                     "Value":  "vRA"
                 },
                 {
                     "Key":  "Template",
                     "Value":  "GlobalImage_w2k12r2"
                 },
                 {
                     "Key":  "Profile",
                     "Value":  "IaaSw2k12"
                 },
                 {
                     "Key":  "vCPU",
                     "Value":  "2"
                 },
                 {
                     "Key":  "Memory",
                     "Value":  "4"
                 }
             ],
    "Features":  [
                     {
                         "Key":  "NetFx3",
                         "Value":  "Disable",
                         "Switch":  "/limitAccess"
                     }
                 ],
    "Applications":  [
                         {
                             "Key":  "jre-8u91-windows-x64.exe",
                             "Value":  "Disable",
                             "Switch":  "/s"
                         }
                     ],
    "PropertyMapping":  [
                            {
                                "Key":  "vami.hostname",
                                "Value":  "ADEVWGRE1VRI779"
                            },
                            {
                                "Key":  "vami.gateway",
                                "Value":  "172.20.72.1"
                            },
                            {
                                "Key":  "vami.domain",
                                "Value":  "devdpc.local"
                            },
                            {
                                "Key":  "vami.searchpath",
                                "Value":  "devdpc.local"
                            },
                            {
                                "Key":  "vami.DNS",
                                "Value":  "172.20.72.24"
                            },
                            {
                                "Key":  "vami.ip0",
                                "Value":  "172.20.72.157"
                            },
                            {
                                "Key":  "vami.netmask0",
                                "Value":  "255.255.255.0"
                            },
                            {
                                "Key":  "IaaS.Agent.VRA",
                                "Value":  "ADEVLGRE1VRA779"
                            },
 			    {
                                "Key":  "vra.root.password",
                                "Value":  "Vmware1!"
                            },
			    {
                                "Key":  "vra.svc.account",
                                "Value":  "SVC-ACP-VRA01"
                            },
			    {
                                "Key":  "vra.svc.account.password",
                                "Value":  ""
                            }

                        ],
    "NetworkMapping":  [
                           {
                               "Name":  "Network 1",
                               "Network":  "vxw-dvs-103-universalwire-1-sid-7000-ADEVNGRE10LSaccpPlatformManagement01"
                           }
                       ]
}
