<Backups xmlns="http://www.microsoft.com/GroupPolicy/GPOOperations/Manifest" xmlns:mfst="http://www.microsoft.com/GroupPolicy/GPOOperations/Manifest" mfst:version="1.0"><BackupInst xmlns="http://www.microsoft.com/GroupPolicy/GPOOperations/Manifest"><GPOGuid><![CDATA[{456B0CA7-5150-4084-9C01-322FE2FA820F}]]></GPOGuid><GPODomain><![CDATA[IACCP1.LOCAL]]></GPODomain><GPODomainGuid><![CDATA[{0aac6839-8e44-42e5-9918-0dad05021623}]]></GPODomainGuid><GPODomainController><![CDATA[ADEVWGRE4ADC001.IACCP1.LOCAL]]></GPODomainController><BackupTime><![CDATA[2017-11-01T07:43:06]]></BackupTime><ID><![CDATA[{31CA8CCB-CF15-49FE-98AA-6191EBDC5DAC}]]></ID><Comment><![CDATA[]]></Comment><GPODisplayName><![CDATA[MemberServerBasic-v0006]]></GPODisplayName></BackupInst></Backups>