Group,Member
DELG-ACP-TSS-L-RDPUsers,ROLE-EPC-<LocationCode>-G-InfrastructureAdmins
DELG-ACP-TSS-L-RDPUsers,ROLE-EPC-<LocationCode>-G-NSXAdmins
DELG-ACP-TSS-L-RDPUsers,ROLE-EPC-<LocationCode>-G-WorkloadAdmins
DELG-ACP-TSS-L-RDPUsers,ROLE-EPC-<LocationCode>-G-ClientBackupAdmins
DELG-ACP-TSS-L-RDPUsers,ROLE-EPC-<LocationCode>-G-MgtBackupAdmins
APPL-DPC-VRO-L-Admins,SVC-EPC-<LocationCode>-VRO01
APPL-EPC-<LocationCode>-VCS-L-Admins,SVC-EPC-<LocationCode>-NSX01
APPL-EPC-<LocationCode>-VCS-L-Admins,SVC-EPC-<LocationCode>-VRO01
APPL-EPC-<LocationCode>-VCS-L-Admins,SVC-EPC-<LocationCode>-VRA01
APPL-EPC-<LocationCode>-VCS-L-Admins,SVC-EPC-<LocationCode>-VUM01
APPL-EPC-<LocationCode>-VCS-L-Admins,SVC-EPC-<LocationCode>-VOP01
APPL-EPC-<LocationCode>-VCS-L-Admins,SVC-EPC-<LocationCode>-VLI01
APPL-EPC-<LocationCode>-VCS-L-Admins,SVC-ACP-VCM02
APPL-EPC-<LocationCode>-VCS-L-Admins,SVC-ACP-VRA01
APPL-EPC-<LocationCode>-VCS-L-Admins,SVC-ACP-EPO02
APPL-EPC-<LocationCode>-VCS-L-Admins,ROLE-EPC-<LocationCode>-G-InfrastructureAdmins
APPL-EPC-<LocationCode>-VCS-L-Readonly,ROLE-EPC-<LocationCode>-G-NSXAdmins
APPL-EPC-<LocationCode>-VCS-L-Readonly,ROLE-EPC-<LocationCode>-G-WorkloadAdmins
APPL-EPC-<LocationCode>-VCS-L-Readonly,SVC-ACP-CSI01
APPL-EPC-<LocationCode>-SQL-L-Admins,ROLE-EPC-<LocationCode>-G-InfrastructureAdmins
APPL-EPC-<LocationCode>-NSX-L-EnterpriseAdmins,ROLE-EPC-<LocationCode>-G-NSXAdmins
APPL-EPC-<LocationCode>-NSX-L-EnterpriseAdmins,SVC-EPC-<LocationCode>-VOP01
APPL-EPC-<LocationCode>-NSX-L-EnterpriseAdmins,SVC-EPC-<LocationCode>-VRO01
APPL-EPC-<LocationCode>-NSX-L-EnterpriseAdmins,SVC-EPC-<LocationCode>-VRA01
APPL-EPC-<LocationCode>-NSX-L-EnterpriseAdmins,SVC-ACP-EPO02
APPL-EPC-<LocationCode>-UCS-L-Admins,ROLE-EPC-<LocationCode>-G-InfrastructureAdmins
APPL-EPC-<LocationCode>-VNX-L-Admins,ROLE-EPC-<LocationCode>-G-InfrastructureAdmins
DELG-EPC-<LocationCode>-SVR-L-Admins,ROLE-EPC-<LocationCode>-G-InfrastructureAdmins
DELG-EPC-<LocationCode>-SVR-L-Admins,SVC-ACP-VCM01
DELG-EPC-<LocationCode>-SVR-L-Admins,SVC-ACP-EPO01
DELG-EPC-<LocationCode>-TSS-L-RDPUsers,ROLE-EPC-<LocationCode>-G-WorkloadAdmins
DELG-EPC-<LocationCode>-TSS-L-RDPUsers,ROLE-EPC-<LocationCode>-G-NSXAdmins
DELG-EPC-<LocationCode>-ESX-L-Admins,ROLE-EPC-<LocationCode>-G-InfrastructureAdmins
APPL-EPC-<LocationCode>-EMC-L-ClientBackupAdmins,ROLE-EPC-<LocationCode>-G-ClientBackupAdmins
APPL-EPC-<LocationCode>-EMC-L-MgtBackupAdmins,ROLE-EPC-<LocationCode>-G-MgtBackupAdmins
APPL-EPC-<LocationCode>-VCS-L-AvamarAccess,SVC-EPC-<LocationCode>-EMC01
DELG-DPC-AD-L-DenyLogonLocal,SVC-EPC-<LocationCode>-LDP01
DELG-DPC-AD-L-DenyLogonLocal,SVC-EPC-<LocationCode>-NSX01
DELG-DPC-AD-L-DenyLogonLocal,SVC-EPC-<LocationCode>-VRA01
DELG-DPC-AD-L-DenyLogonLocal,SVC-EPC-<LocationCode>-VRO01
DELG-DPC-AD-L-DenyLogonLocal,SVC-EPC-<LocationCode>-VUM01
DELG-DPC-AD-L-DenyLogonLocal,SVC-EPC-<LocationCode>-SQL01
DELG-DPC-AD-L-DenyLogonLocal,SVC-EPC-<LocationCode>-SRM01
DELG-DPC-AD-L-DenyLogonLocal,SVC-EPC-<LocationCode>-VCS01
DELG-DPC-AD-L-DenyLogonLocal,SVC-EPC-<LocationCode>-EMC01
DELG-DPC-AD-G-AdminPwdPolicy,SVC-EPC-<LocationCode>-LDP01
DELG-DPC-AD-G-AdminPwdPolicy,SVC-EPC-<LocationCode>-NSX01
DELG-DPC-AD-G-AdminPwdPolicy,SVC-EPC-<LocationCode>-VRA01
DELG-DPC-AD-G-AdminPwdPolicy,SVC-EPC-<LocationCode>-VRO01
DELG-DPC-AD-G-AdminPwdPolicy,SVC-EPC-<LocationCode>-VUM01
DELG-DPC-AD-G-AdminPwdPolicy,SVC-EPC-<LocationCode>-SQL01
DELG-DPC-AD-G-AdminPwdPolicy,SVC-EPC-<LocationCode>-SRM01
DELG-DPC-AD-G-AdminPwdPolicy,SVC-EPC-<LocationCode>-VCS01
DELG-DPC-AD-G-AdminPwdPolicy,SVC-EPC-<LocationCode>-EMC01
DELG-DPC-AD-L-LogOnAsServiceRights,SVC-EPC-<LocationCode>-LDP01
DELG-DPC-AD-L-LogOnAsServiceRights,SVC-EPC-<LocationCode>-NSX01
DELG-DPC-AD-L-LogOnAsServiceRights,SVC-EPC-<LocationCode>-VRA01
DELG-DPC-AD-L-LogOnAsServiceRights,SVC-EPC-<LocationCode>-VRO01
DELG-DPC-AD-L-LogOnAsServiceRights,SVC-EPC-<LocationCode>-VUM01
DELG-DPC-AD-L-LogOnAsServiceRights,SVC-EPC-<LocationCode>-SRM01
DELG-DPC-AD-L-LogOnAsServiceRights,SVC-EPC-<LocationCode>-SQL01
DELG-DPC-AD-L-LogOnAsServiceRights,SVC-EPC-<LocationCode>-VCS01
DELG-DPC-AD-L-LogOnAsServiceRights,SVC-EPC-<LocationCode>-EMC01