"Name","Description"
"APPL-EPC-<LocationCode>-VCS-L-Admins","Resource Group for Administrators of EPC vCenter - <Location>"
"APPL-EPC-<LocationCode>-VCS-L-Readonly","Resource Group for Users of EPC vCenter - <Location>"
"APPL-EPC-<LocationCode>-SQL-L-Admins","Resource Group for Administrators of EPC SQL - <Location>"
"DELG-EPC-<LocationCode>-SVR-L-Admins",Resource Group for Administrators of EPC Windows Servers - <Location>"
"DELG-EPC-<LocationCode>-SVR-L-RDPUsers",Resource Group for RDP Users of EPC Windows Servers - <Location>"
"DELG-EPC-<LocationCode>-TSS-L-RDPUsers",Resource Group for RDP Users of EPC Terminal Servers - <Location>"
"APPL-EPC-<LocationCode>-VCS-L-WorkloadAdmins","Resource Group for Customer OS Management team - <Location>"
"APPL-EPC-<LocationCode>-NSX-L-EnterpriseAdmins","Resource Group for NSX Enterprise Admins in EPC - <Location>"
"APPL-EPC-<LocationCode>-UCS-L-Admins","Resource Group for Cisco UCS Admins in EPC - <Location>"
"APPL-EPC-<LocationCode>-VNX-L-Admins","Resource Group for VNX Unisphere Admins in EPC - <Location>"
"DELG-EPC-<LocationCode>-ESX-L-Admins","Resource Group for Administrators of ESXi hosts in EPC - <Location>"
"APPL-EPC-<LocationCode>-EMC-L-ClientBackupAdmins","Resource group for Client Workload Backup Admins in Avamar for EPC - <Location>"
"APPL-EPC-<LocationCode>-EMC-L-MgtBackupAdmins","Resource group for Management Backup Admins in Avamar for EPC - <Location>"
"APPL-EPC-<LocationCode>-VCS-L-AvamarAccess","Resource group for Avamar Service account to access vCenter server in EPC - <Location>"