"Name","Description"
"ROLE-EPC-<LocationCode>-G-InfrastructureAdmins","Role group for users managing EPC infrastructure in <Location>"
"ROLE-EPC-<LocationCode>-G-NSXAdmins","Role group for users managing EPC NSX in <Location>"
"ROLE-EPC-<LocationCode>-G-WorkloadAdmins","Role group for users managing EPC Customer Workload in <Location>"
"ROLE-EPC-<LocationCode>-G-ClientBackupAdmins","Role Group for Backup Administrators of client workload in EPC - <Location>"
"ROLE-EPC-<LocationCode>-G-MgtBackupAdmins","Role Group for Backup Administrators of Management VMs in EPC - <Location>"