"SamAccountName","Description"
"SVC-EPC-<LocationCode>-LDP01", "Service Account used by EPC vcenter in <Location> to bind with LDAP"
"SVC-EPC-<LocationCode>-NSX01", "Service Account for VMware NSX in EPC - <Location>"
"SVC-EPC-<LocationCode>-VRA01", "Service Account for vRealize Automation in EPC - <Location>"
"SVC-EPC-<LocationCode>-VRO01", "Service Account for vRealize Orchestrator in EPC - <Location>"
"SVC-EPC-<LocationCode>-VUM01", "Service Account for VMware Update Manager in EPC - <Location>"
"SVC-EPC-<LocationCode>-SQL01", "Service Account for SQL server in EPC - <Location>"
"SVC-EPC-<LocationCode>-SRM01", "Service Account for SRM in EPC - <Location>"
"SVC-EPC-<LocationCode>-VCS01", "Service Account for vCenter in EPC - <Location>"
"SVC-EPC-<LocationCode>-BRS01", "Service Account for Management Backup solution in EPC - <Location>"
"SVC-EPC-<LocationCode>-VLI01", "Service Account for vRealize LogInsight Forwarder in EPC - <Location>"
"SVC-EPC-<LocationCode>-VOP01", "Service Account for vROPS Remote Collector in EPC - <Location>"
"SVC-EPC-<LocationCode>-EMC01", "Service Account for Avamar in EPC - <Location>"