{
    "DiskProvisioning":  "thin",
    "IPAllocationPolicy":  "fixedPolicy",
    "IPProtocol":  "IPv4",
    "SSL":  "True",
    "Base":  [
                 {
                     "Key":  "Vcenter",
                     "Value":  "ADEVLGRE1VCS001"
                 },
                 {
                     "Key":  "Datastore",
                     "Value":  "vSANDatastorePMC001"
                 },
                 {
                     "Key":  "Cluster",
                     "Value":  "DEVCGRE1PMC001"
                 },
                 {
                     "Key":  "Folder",
                     "Value":  "vRA"
                 },
                 {
                     "Key":  "OVA",
                     "Value":  "D:/VRA7 Binaries/VMware-vR-Appliance-7.3.0.536-5610496_OVF10.ova"
                 }
             ],
    "PropertyMapping":  [
                            {
                                "Key":  "varoot-password",
                                "Value":  "Vmware1!"
                            },
                            {
                                "Key":  "va-ssh-enabled",
                                "Value":  "True"
                            },
                            {
                                "Key":  "ceip_enabled",
                                "Value":  "False"
                            },
                            {
                                "Key":  "vami.hostname",
                                "Value":  "ADEVLGRE1VRA779"
                            },
                            {
                                "Key":  "vami.gateway.VMware_vRealize_Appliance",
                                "Value":  "172.20.72.1"
                            },
                            {
                                "Key":  "vami.domain.VMware_vRealize_Appliance",
                                "Value":  "devdpc.local"
                            },
                            {
                                "Key":  "vami.searchpath.VMware_vRealize_Appliance",
                                "Value":  "devdpc.local"
                            },
                            {
                                "Key":  "vami.DNS.VMware_vRealize_Appliance",
                                "Value":  "172.20.72.24,172.20.72.25"
                            },
                            {
                                "Key":  "vami.ip0.VMware_vRealize_Appliance",
                                "Value":  "172.20.72.155"
                            },
                            {
                                "Key":  "vami.netmask0.VMware_vRealize_Appliance",
                                "Value":  "255.255.255.0"
                            }
                        ],
    "NetworkMapping":  [
                           {
                               "Name":  "Network 1",
                               "Network":  "vxw-dvs-103-universalwire-1-sid-7000-ADEVNGRE10LSaccpPlatformManagement01"
                           }
                       ],
    "Annotation":  "Automate tasks for VMware vSphere and enable orchestration between multiple solutions. VMware vRealize Orchestrator allows administrators to capture their best practices and turn them into automated workflows.",
    "PowerOn":  "true",
    "InjectOvfEnv":  "false",
    "WaitForIP":  "false",
    "Name":  " "
}
