<BackupInst xmlns="http://www.microsoft.com/GroupPolicy/GPOOperations/Manifest"><GPOGuid><![CDATA[{9CC394F5-6282-4AD6-BD53-029B0C6585C5}]]></GPOGuid><GPODomain><![CDATA[IACCP1.LOCAL]]></GPODomain><GPODomainGuid><![CDATA[{0aac6839-8e44-42e5-9918-0dad05021623}]]></GPODomainGuid><GPODomainController><![CDATA[ADEVWGRE4ADC001.IACCP1.LOCAL]]></GPODomainController><BackupTime><![CDATA[2017-11-01T07:41:27]]></BackupTime><ID><![CDATA[{CBE45084-EFBB-40BD-AB8E-8FBD35E55C24}]]></ID><Comment><![CDATA[]]></Comment><GPODisplayName><![CDATA[DomControllerBasic-v0006]]></GPODisplayName></BackupInst>
