Group,Member
APPL-ACP-VCS-L-Admins,SVC-ACP-NSX01
APPL-ACP-VCS-L-Admins,SVC-ACP-VDP01
APPL-ACP-VCS-L-Admins,SVC-ACP-VUM01
APPL-ACP-VCS-L-Admins,SVC-ACP-VOP01
APPL-ACP-VCS-L-Admins,SVC-ACP-VLI01
APPL-ACP-VCS-L-Admins,SVC-ACP-VCM02
APPL-ACP-VCS-L-Admins,SVC-ACP-VRO01
APPL-ACP-VCS-L-Admins,ROLE-ACP-G-InfrastructureAdmins
APPL-ACP-VCS-L-Readonly,ROLE-ACP-G-NSXAdmins
APPL-ACP-VCS-L-Readonly,SVC-ACP-CSI01
APPL-ACP-VCS-L-AvamarAccess,SVC-ACP-EMC01
APPL-ACP-SQL-L-Admins,ROLE-ACP-G-InfrastructureAdmins
APPL-ACP-SQL-L-Admins,SVC-ACP-VRA01
APPL-ACP-NSX-L-EnterpriseAdmins,ROLE-ACP-G-NSXAdmins
DELG-ACP-SVR-L-Admins,ROLE-ACP-G-InfrastructureAdmins
DELG-ACP-SVR-L-Admins,SVC-ACP-VCM01
DELG-ACP-SVR-L-Admins,SVC-ACP-EPO01
DELG-ACP-TSS-L-RDPUsers,ROLE-DPC-G-ApplicationAdmins
DELG-ACP-TSS-L-RDPUsers,ROLE-DPC-G-Operators
DELG-ACP-TSS-L-RDPUsers,ROLE-DPC-G-LoggingAdmins
DELG-ACP-TSS-L-RDPUsers,ROLE-ACP-G-NSXAdmins
DELG-ACP-TSS-L-RDPUsers,ROLE-ACP-G-MgtBackupAdmins
DELG-ACP-ESX-L-Admins,ROLE-ACP-G-InfrastructureAdmins
APPL-ACP-EMC-L-MgtBackupAdmins,ROLE-ACP-G-MgtBackupAdmins
APPL-DPC-PDB-L-Admins,ROLE-DPC-G-ApplicationAdmins
APPL-DPC-PDB-L-ReadOnly,ROLE-DPC-G-Operators
APPL-DPC-VRA-L-EntitlementAllSSRs,ROLE-DPC-G-SNOWUsers
APPL-DPC-VRA-L-EntitlementAllSSRs,ROLE-DPC-G-ApplicationAdmins
APPL-DPC-VRA-L-EntitlementAllSSRs,SVC-ACP-VRA01
APPL-DPC-VRA-L-Operators,ROLE-DPC-G-Operators
APPL-DPC-VRA-L-Admins,ROLE-DPC-G-ApplicationAdmins
APPL-DPC-VRA-L-Admins,SVC-ACP-SNO01
APPL-DPC-VRA-L-Admins,SVC-ACP-VRO01
APPL-DPC-VRA-L-Admins,SVC-ACP-VRA01
APPL-DPC-VRA-L-Admins,SVC-ACP-VOP01
APPL-DPC-VOP-L-Admins,ROLE-DPC-G-ApplicationAdmins
APPL-DPC-VOP-L-Admins,SVC-ACP-VLI01
APPL-DPC-EPO-L-Admins,ROLE-DPC-G-ApplicationAdmins
APPL-DPC-EPO-L-Users,ROLE-DPC-G-Operators
APPL-DPC-VCM-L-Admins,ROLE-DPC-G-ApplicationAdmins
APPL-DPC-VCM-L-Users,ROLE-DPC-G-Operators
APPL-DPC-vLI-L-Admins,ROLE-DPC-G-LoggingAdmins
APPL-DPC-VRO-L-Admins,ROLE-DPC-G-ApplicationAdmins
APPL-DPC-VRO-L-Admins,SVC-ACP-SNO01
APPL-DPC-VRO-L-Admins,SVC-ACP-VRO01
APPL-DPC-VRO-L-Admins,SVC-ACP-VOP01
APPL-DPC-POL-L-Admins,SVC-ACP-POL01
APPL-DPC-POL-L-Admins,SVC-ACP-POL02
APPL-DPC-POL-L-Operators,ROLE-DPC-G-ApplicationAdmins
DELG-ACP-TSS-L-SAPUsers,ROLE-ACP-G-SAPAdmins
DELG-ACP-SAP-L-Admins,ROLE-ACP-G-SAPAdmins
DELG-ACP-WEB-L-SMOSUsers,ROLE-ACP-G-SMOSUsers
Administrators, SVC-ACP-VCM01
Administrators, SVC-ACP-EPO01
Domain Admins, ROLE-DPC-G-ADAdmins
DELG-DPC-AD-L-DenyLogonLocal,SVC-ACP-LDP01
DELG-DPC-AD-L-DenyLogonLocal,SVC-ACP-NSX01
DELG-DPC-AD-L-DenyLogonLocal,SVC-ACP-VRA01
DELG-DPC-AD-L-DenyLogonLocal,SVC-ACP-VRO01
DELG-DPC-AD-L-DenyLogonLocal,SVC-ACP-VDP01
DELG-DPC-AD-L-DenyLogonLocal,SVC-ACP-VUM01
DELG-DPC-AD-L-DenyLogonLocal,SVC-ACP-VOP01
DELG-DPC-AD-L-DenyLogonLocal,SVC-ACP-VLI01
DELG-DPC-AD-L-DenyLogonLocal,SVC-ACP-SQL01
DELG-DPC-AD-L-DenyLogonLocal,SVC-ACP-VCM01
DELG-DPC-AD-L-DenyLogonLocal,SVC-ACP-VCM02
DELG-DPC-AD-L-DenyLogonLocal,SVC-ACP-OMI01
DELG-DPC-AD-L-DenyLogonLocal,SVC-ACP-EPO02
DELG-DPC-AD-L-DenyLogonLocal,SVC-ACP-SNO01
DELG-DPC-AD-L-DenyLogonLocal,SVC-ACP-POL01
DELG-DPC-AD-L-DenyLogonLocal,SVC-ACP-POL02
DELG-DPC-AD-L-DenyLogonLocal,SVC-ACP-CSI01
DELG-DPC-AD-L-DenyLogonLocal,SVC-ACP-CSI02
DELG-DPC-AD-L-DenyLogonLocal,SVC-ACP-EMC01
DELG-DPC-AD-G-AdminPwdPolicy,SVC-ACP-LDP01
DELG-DPC-AD-G-AdminPwdPolicy,SVC-ACP-NSX01
DELG-DPC-AD-G-AdminPwdPolicy,SVC-ACP-VRA01
DELG-DPC-AD-G-AdminPwdPolicy,SVC-ACP-VRO01
DELG-DPC-AD-G-AdminPwdPolicy,SVC-ACP-VDP01
DELG-DPC-AD-G-AdminPwdPolicy,SVC-ACP-VUM01
DELG-DPC-AD-G-AdminPwdPolicy,SVC-ACP-VOP01
DELG-DPC-AD-G-AdminPwdPolicy,SVC-ACP-VLI01
DELG-DPC-AD-G-AdminPwdPolicy,SVC-ACP-SQL01
DELG-DPC-AD-G-AdminPwdPolicy,SVC-ACP-VCM01
DELG-DPC-AD-G-AdminPwdPolicy,SVC-ACP-VCM02
DELG-DPC-AD-G-AdminPwdPolicy,SVC-ACP-OMI01
DELG-DPC-AD-G-AdminPwdPolicy,SVC-ACP-EPO01
DELG-DPC-AD-G-AdminPwdPolicy,SVC-ACP-EPO02
DELG-DPC-AD-G-AdminPwdPolicy,SVC-ACP-SNO01
DELG-DPC-AD-G-AdminPwdPolicy,SVC-ACP-POL01
DELG-DPC-AD-G-AdminPwdPolicy,SVC-ACP-POL02
DELG-DPC-AD-G-AdminPwdPolicy,SVC-ACP-CSI01
DELG-DPC-AD-G-AdminPwdPolicy,SVC-ACP-CSI02
DELG-DPC-AD-G-AdminPwdPolicy,SVC-ACP-EMC01
DELG-DPC-AD-L-LogOnAsServiceRights,SVC-ACP-LDP01
DELG-DPC-AD-L-LogOnAsServiceRights,SVC-ACP-NSX01
DELG-DPC-AD-L-LogOnAsServiceRights,SVC-ACP-VRA01
DELG-DPC-AD-L-LogOnAsServiceRights,SVC-ACP-VRO01
DELG-DPC-AD-L-LogOnAsServiceRights,SVC-ACP-VDP01
DELG-DPC-AD-L-LogOnAsServiceRights,SVC-ACP-VUM01
DELG-DPC-AD-L-LogOnAsServiceRights,SVC-ACP-VOP01
DELG-DPC-AD-L-LogOnAsServiceRights,SVC-ACP-VLI01
DELG-DPC-AD-L-LogOnAsServiceRights,SVC-ACP-SQL01
DELG-DPC-AD-L-LogOnAsServiceRights,SVC-ACP-VCM01
DELG-DPC-AD-L-LogOnAsServiceRights,SVC-ACP-VCM02
DELG-DPC-AD-L-LogOnAsServiceRights,SVC-ACP-OMI01
DELG-DPC-AD-L-LogOnAsServiceRights,SVC-ACP-EPO01
DELG-DPC-AD-L-LogOnAsServiceRights,SVC-ACP-EPO02
DELG-DPC-AD-L-LogOnAsServiceRights,SVC-ACP-SNO01
DELG-DPC-AD-L-LogOnAsServiceRights,SVC-ACP-POL01
DELG-DPC-AD-L-LogOnAsServiceRights,SVC-ACP-POL02
DELG-DPC-AD-L-LogOnAsServiceRights,SVC-ACP-CSI01
DELG-DPC-AD-L-LogOnAsServiceRights,SVC-ACP-CSI02
DELG-DPC-AD-L-LogOnAsServiceRights,SVC-ACP-EMC01