"Name","DistinguishedName"
"DPC","OU=DPC,DC=DPCMGT,DC=LOCAL"
"Groups","OU=Groups,OU=DPC,DC=DPCMGT,DC=LOCAL"
"Users","OU=Users,OU=DPC,DC=DPCMGT,DC=LOCAL"
"ServiceAccounts","OU=ServiceAccounts,OU=DPC,DC=DPCMGT,DC=LOCAL"
"Servers","OU=Servers,OU=DPC,DC=DPCMGT,DC=LOCAL"
"RoleGroups","OU=RoleGroups,OU=Groups,OU=DPC,DC=DPCMGT,DC=LOCAL"
"ResourceGroups","OU=ResourceGroups,OU=Groups,OU=DPC,DC=DPCMGT,DC=LOCAL"
"DPCAdmins","OU=DPCAdmins,OU=Users,OU=DPC,DC=DPCMGT,DC=LOCAL"
"DPCUsers","OU=DPCUsers,OU=Users,OU=DPC,DC=DPCMGT,DC=LOCAL"
"CustomerUsers","OU=CustomerUsers,OU=Users,OU=DPC,DC=DPCMGT,DC=LOCAL"
"ACCP","OU=ACCP,OU=ServiceAccounts,OU=DPC,DC=DPCMGT,DC=LOCAL"
"DDC","OU=DDC,OU=ServiceAccounts,OU=DPC,DC=DPCMGT,DC=LOCAL"
"EPC","OU=EPC,OU=ServiceAccounts,OU=DPC,DC=DPCMGT,DC=LOCAL"
"BXP","OU=BXP,OU=ServiceAccounts,OU=DPC,DC=DPCMGT,DC=LOCAL"
"ACCP","OU=ACCP,OU=Servers,OU=DPC,DC=DPCMGT,DC=LOCAL"
"DDC","OU=DDC,OU=Servers,OU=DPC,DC=DPCMGT,DC=LOCAL"
"EPC","OU=EPC,OU=Servers,OU=DPC,DC=DPCMGT,DC=LOCAL"
"BXP","OU=BXP,OU=Servers,OU=DPC,DC=DPCMGT,DC=LOCAL"
"Temp","OU=Temp,OU=Servers,OU=DPC,DC=DPCMGT,DC=LOCAL"