Name,Description,GroupScope
APPL-ACP-VCS-L-Admins,Resource Group for Administrators of vCenter in ACCP,DomainLocal
APPL-ACP-VCS-L-ReadOnly,Resource Group for read-only users of vCenter in ACCP,DomainLocal
APPL-ACP-SQL-L-Admins,Resource Group for Administrators of SQL in ACCP,DomainLocal
APPL-ACP-NSX-L-Admins,Resource Group for Admin access to NSX in ACCP,DomainLocal
APPL-ACP-NSX-L-Auditors,Resource Group for Auditor access to NSX in ACCP,DomainLocal
APPL-ACP-NSX-L-SecurityAdmins,Resource Group for Security Admin access to NSX in ACCP,DomainLocal
APPL-ACP-NSX-L-EnterpriseAdmins,Resource Group for Enterprise Admin access to NSX in ACCP,DomainLocal
DELG-ACP-SVR-L-Admins,Resource Group for Administrators of Windows Servers in ACCP,DomainLocal
DELG-ACP-SVR-L-RDPUsers,Resource Group for RDP Users of Windows Servers in ACCP,DomainLocal
DELG-ACP-TSS-L-RDPUsers, Resource Group for RDP users of Terminal Servers in ACCP,DomainLocal
DELG-ACP-ESX-L-Admins, Resource Groups for Administrators of ESXi hosts in ACCP,DomainLocal
APPL-DPC-PDB-L-Admins,Resource Group for Administrators of PasswordDB,DomainLocal
APPL-DPC-PDB-L-ReadOnly,Resource Group for Users of PasswordDB,DomainLocal
APPL-DPC-VRA-L-EntitlementAllSSRs,Resource Group granting access to entitlements in all vRA SSRs,DomainLocal
APPL-DPC-VRA-L-Operators,Resource Group for Operators of vRealize Automation,DomainLocal
APPL-DPC-VRA-L-Admins,Resource Group for Administrators of vRealize Automation,DomainLocal
DELG-DPC-AD-G-AdminPwdPolicy,Resource Group used for applying Fine Grained Password Policy,Global
DELG-DPC-AD-L-LogOnAsServiceRights,Resource Group to delegate log on as a service permission,DomainLocal
DELG-DPC-AD-L-DenyLogonLocal,Resource Group to deny logon locally and logon through Terminal Services,DomainLocal
APPL-DPC-VOP-L-Admins,Resource Group for Administrators of vROPS in DPC,DomainLocal
APPL-DPC-VOP-L-EPCAdmins,Resource Group for Administrators of vROPS in DPC - limited to EPC instances,DomainLocal
APPL-DPC-VOP-L-DDCAdmins,Resource Group for Administrators of vROPS in DPC - limited to DDC instances,DomainLocal
APPL-DPC-EPO-L-Admins,Resource Group for Administrators of McAfee ePolicy Orchestrator in DPC,DomainLocal
APPL-DPC-EPO-L-Users,Resource Group for Users of McAfee ePolicy Orchestrator in DPC,DomainLocal
APPL-DPC-VCM-L-Admins,Resource Group for Administrators of vRealize Configuration Manager in DPC,DomainLocal
APPL-DPC-VCM-L-Users,Resource Group for Users of vRealize Configuration Manager in DPC,DomainLocal
APPL-DPC-vLI-L-Admins,Resource Group for Administrators of vRealize LogInsight in DPC,DomainLocal
APPL-DPC-VRO-L-Admins,Resource Group for Administrators of vRealize Orchestrator in DPC,DomainLocal
APPL-DPC-POL-L-Admins,Resource Group for Administrators of PolicyDB in DPC,DomainLocal
APPL-DPC-POL-L-Operators,Resource Group for Operators of PolicyDB in DPC,DomainLocal
APPL-ACP-EMC-L-MgtBackupAdmins,Resource group for Management Backup Admins in Avamar ACCP,DomainLocal
APPL-ACP-VCS-L-AvamarAccess,Resource group for Avamar Service account to access vCenter server in ACCP,DomainLocal
DELG-ACP-TSS-L-SAPUsers,Resource Group for SAP admins connecting to SAP-dedicated Terminal Server,DomainLocal
DELG-ACP-SAP-L-Admins,Resource Group for users managing Linux SAP Tooling machines,DomainLocal
DELG-ACP-WEB-L-SMOSUsers,Resource Group for users of Self-Managed OS Portal,DomainLocal
