"SamAccountName","Description"
"SVC-ACP-LDP01", "Service Account used by ACCP vcenter to bind with LDAP"
"SVC-ACP-NSX01", "Service Account for VMware NSX in ACCP"
"SVC-ACP-VRA01", "Service Account for vRealize Automation in ACCP"
"SVC-ACP-VRO01", "Service Account for vRealize Orchestrator in ACCP"
"SVC-ACP-VDP01", "Service Account vSphere Data Protection in ACCP"
"SVC-ACP-VUM01", "Service Account for VMware Update Manager in ACCP"
"SVC-ACP-VOP01", "Service Account for vRealize Operations Manager in ACCP"
"SVC-ACP-VLI01", "Service Account for vRealize LogInsight in ACCP"
"SVC-ACP-SQL01", "Service Account for SQL server in ACCP"
"SVC-ACP-VCM01", "Service Account for vRealize Configuration Manager in ACCP"
"SVC-ACP-VCM02", "Service Account for vRealize Configuration Manager in ACCP (vcenter integration)"
"SVC-ACP-OMI01", "Service Account for Dell OMI in ACCP"
"SVC-ACP-EPO01", "Service Account for McAfee ePolicy Orchestrator in ACCP"
"SVC-ACP-EPO02", "Service Account for McAfee ePolicy Orchestrator in ACCP (vCenter integration)"
"SVC-ACP-SNO01", "Service Account for SNOW"
"SVC-ACP-CSI01", "Service Account to integrate CSI Proxy with ACCP components"
"SVC-ACP-CSI02", "Service Account for Scheduling tasks on CSI Proxy"
"SVC-ACP-POL01", "Service Account for PolicyDB"
"SVC-ACP-POL02", "Service Account for PolicyDB (SuperAdmin)"
"SVC-ACP-EMC01", "Service Account for Avamar (CEB) in ACCP"
