Group,Member
DELG-ACP-TSS-L-RDPUsers,ROLE-DDC-<LocationCode>-G-InfrastructureAdmins
DELG-ACP-TSS-L-RDPUsers,ROLE-DDC-<LocationCode>-G-NSXAdmins
DELG-ACP-TSS-L-RDPUsers,ROLE-DDC-<LocationCode>-G-WorkloadAdmins
DELG-ACP-TSS-L-RDPUsers,ROLE-DDC-<LocationCode>-G-ClientBackupAdmins
DELG-ACP-TSS-L-RDPUsers,ROLE-DDC-<LocationCode>-G-MgtBackupAdmins
APPL-DPC-VRO-L-Admins,SVC-DDC-<LocationCode>-VRO01
APPL-DDC-<LocationCode>-VCS-L-Admins,SVC-DDC-<LocationCode>-NSX01
APPL-DDC-<LocationCode>-VCS-L-Admins,SVC-DDC-<LocationCode>-VRO01
APPL-DDC-<LocationCode>-VCS-L-Admins,SVC-DDC-<LocationCode>-VRA01
APPL-DDC-<LocationCode>-VCS-L-Admins,SVC-DDC-<LocationCode>-VDP01
APPL-DDC-<LocationCode>-VCS-L-Admins,SVC-DDC-<LocationCode>-VUM01
APPL-DDC-<LocationCode>-VCS-L-Admins,SVC-DDC-<LocationCode>-VOP01
APPL-DDC-<LocationCode>-VCS-L-Admins,SVC-DDC-<LocationCode>-VLI01
APPL-DDC-<LocationCode>-VCS-L-Admins,SVC-DDC-<LocationCode>-EMC01
APPL-DDC-<LocationCode>-VCS-L-Admins,SVC-ACP-VCM02
APPL-DDC-<LocationCode>-VCS-L-Admins,SVC-ACP-VRA01
APPL-DDC-<LocationCode>-VCS-L-Admins,ROLE-DDC-<LocationCode>-G-InfrastructureAdmins
APPL-DDC-<LocationCode>-VCS-L-Readonly,ROLE-DDC-<LocationCode>-G-NSXAdmins
APPL-DDC-<LocationCode>-VCS-L-Readonly,ROLE-DDC-<LocationCode>-G-WorkloadAdmins
APPL-DDC-<LocationCode>-VCS-L-Readonly,SVC-ACP-CSI01
APPL-DDC-<LocationCode>-SQL-L-Admins,ROLE-DDC-<LocationCode>-G-InfrastructureAdmins
APPL-DDC-<LocationCode>-NSX-L-EnterpriseAdmins,ROLE-DDC-<LocationCode>-G-NSXAdmins
APPL-DDC-<LocationCode>-NSX-L-EnterpriseAdmins,SVC-DDC-<LocationCode>-VOP01
APPL-DDC-<LocationCode>-NSX-L-EnterpriseAdmins,SVC-DDC-<LocationCode>-VRO01
APPL-DDC-<LocationCode>-NSX-L-EnterpriseAdmins,SVC-DDC-<LocationCode>-VRA01
DELG-DDC-<LocationCode>-SVR-L-Admins,ROLE-DDC-<LocationCode>-G-InfrastructureAdmins
DELG-DDC-<LocationCode>-SVR-L-Admins,SVC-ACP-VCM01
DELG-DDC-<LocationCode>-SVR-L-Admins,SVC-ACP-EPO01
DELG-DDC-<LocationCode>-TSS-L-RDPUsers,ROLE-DDC-<LocationCode>-G-WorkloadAdmins
DELG-DDC-<LocationCode>-TSS-L-RDPUsers,ROLE-DDC-<LocationCode>-G-NSXAdmins
DELG-DDC-<LocationCode>-ESX-L-Admins,ROLE-DDC-<LocationCode>-G-InfrastructureAdmins
APPL-DDC-<LocationCode>-EMC-L-ClientBackupAdmins,ROLE-DDC-<LocationCode>-G-ClientBackupAdmins
APPL-DDC-<LocationCode>-EMC-L-MgtBackupAdmins,ROLE-DDC-<LocationCode>-G-MgtBackupAdmins
APPL-DDC-<LocationCode>-VCS-L-AvamarAccess,SVC-DDC-<LocationCode>-EMC01
DELG-DPC-AD-L-DenyLogonLocal,SVC-DDC-<LocationCode>-LDP01
DELG-DPC-AD-L-DenyLogonLocal,SVC-DDC-<LocationCode>-NSX01
DELG-DPC-AD-L-DenyLogonLocal,SVC-DDC-<LocationCode>-VRA01
DELG-DPC-AD-L-DenyLogonLocal,SVC-DDC-<LocationCode>-VRO01
DELG-DPC-AD-L-DenyLogonLocal,SVC-DDC-<LocationCode>-VDP01
DELG-DPC-AD-L-DenyLogonLocal,SVC-DDC-<LocationCode>-VUM01
DELG-DPC-AD-L-DenyLogonLocal,SVC-DDC-<LocationCode>-SQL01
DELG-DPC-AD-L-DenyLogonLocal,SVC-DDC-<LocationCode>-SRM01
DELG-DPC-AD-L-DenyLogonLocal,SVC-DDC-<LocationCode>-EMC01
DELG-DPC-AD-G-AdminPwdPolicy,SVC-DDC-<LocationCode>-LDP01
DELG-DPC-AD-G-AdminPwdPolicy,SVC-DDC-<LocationCode>-NSX01
DELG-DPC-AD-G-AdminPwdPolicy,SVC-DDC-<LocationCode>-VRA01
DELG-DPC-AD-G-AdminPwdPolicy,SVC-DDC-<LocationCode>-VRO01
DELG-DPC-AD-G-AdminPwdPolicy,SVC-DDC-<LocationCode>-VDP01
DELG-DPC-AD-G-AdminPwdPolicy,SVC-DDC-<LocationCode>-VUM01
DELG-DPC-AD-G-AdminPwdPolicy,SVC-DDC-<LocationCode>-SQL01
DELG-DPC-AD-G-AdminPwdPolicy,SVC-DDC-<LocationCode>-SRM01
DELG-DPC-AD-G-AdminPwdPolicy,SVC-DDC-<LocationCode>-EMC01
DELG-DPC-AD-L-LogOnAsServiceRights,SVC-DDC-<LocationCode>-LDP01
DELG-DPC-AD-L-LogOnAsServiceRights,SVC-DDC-<LocationCode>-NSX01
DELG-DPC-AD-L-LogOnAsServiceRights,SVC-DDC-<LocationCode>-VRA01
DELG-DPC-AD-L-LogOnAsServiceRights,SVC-DDC-<LocationCode>-VRO01
DELG-DPC-AD-L-LogOnAsServiceRights,SVC-DDC-<LocationCode>-VDP01
DELG-DPC-AD-L-LogOnAsServiceRights,SVC-DDC-<LocationCode>-VUM01
DELG-DPC-AD-L-LogOnAsServiceRights,SVC-DDC-<LocationCode>-SRM01
DELG-DPC-AD-L-LogOnAsServiceRights,SVC-DDC-<LocationCode>-SQL01
DELG-DPC-AD-L-LogOnAsServiceRights,SVC-DDC-<LocationCode>-EMC01