"Name","Description"
"APPL-DDC-<LocationCode>-VCS-L-Admins","Resource Group for Administrators of DDC vCenter - <Location>"
"APPL-DDC-<LocationCode>-VCS-L-Readonly","Resource Group for Users of DDC vCenter - <Location>"
"APPL-DDC-<LocationCode>-SQL-L-Admins","Resource Group for Administrators of DDC SQL - <Location>"
"DELG-DDC-<LocationCode>-SVR-L-Admins",Resource Group for Administrators of DDC Windows Servers - <Location>"
"DELG-DDC-<LocationCode>-SVR-L-RDPUsers",Resource Group for RDP Users of DDC Windows Servers - <Location>"
"DELG-DDC-<LocationCode>-TSS-L-RDPUsers",Resource Group for RDP Users of DDC Terminal Servers - <Location>"
"APPL-DDC-<LocationCode>-VCS-L-WorkloadAdmin","Resource Group for Customer OS Management team - <Location>"
"APPL-DDC-<LocationCode>-NSX-L-EnterpriseAdmins","Resource Group for NSX Enterprise Admins in DDC - <Location>"
"DELG-DDC-<LocationCode>-ESX-L-Admins","Resource Group for Administrators of ESXi hosts in DDC - <Location>"
"APPL-DDC-<LocationCode>-EMC-L-ClientBackupAdmins","Resource group for Client Workload Backup Admins in Avamar for DDC - <Location>"
"APPL-DDC-<LocationCode>-EMC-L-MgtBackupAdmins","Resource group for Management Backup Admins in Avamar for DDC - <Location>"
"APPL-DDC-<LocationCode>-VCS-L-AvamarAccess","Resource group for Avamar Service account to access vCenter server in DDC - <Location>"