"Name","Description"
"ROLE-DDC-<LocationCode>-G-InfrastructureAdmins","Role group for users managing DDC infrastructure in <Location>"
"ROLE-DDC-<LocationCode>-G-NSXAdmins","Role group for users managing DDC NSX in <Location>"
"ROLE-DDC-<LocationCode>-G-WorkloadAdmins","Role group for users managing DDC Customer Workload in <Location>"
"ROLE-DDC-<LocationCode>-G-ClientBackupAdmins","Role Group for Backup Administrators of client workload in DDC - <Location>"
"ROLE-DDC-<LocationCode>-G-MgtBackupAdmins","Role Group for Backup Administrators of Management VMs in DDC - <Location>"