"SamAccountName","Description"
"SVC-DDC-<LocationCode>-LDP01", "Service Account used by DDC vcenter in <Location> to bind with LDAP"
"SVC-DDC-<LocationCode>-NSX01", "Service Account for VMware NSX in DDC - <Location>"
"SVC-DDC-<LocationCode>-VRA01", "Service Account for vRealize Automation in DDC - <Location>"
"SVC-DDC-<LocationCode>-VRO01", "Service Account for vRealize Orchestrator in DDC - <Location>"
"SVC-DDC-<LocationCode>-VDP01", "Service Account vSphere Data Protection in DDC - <Location>"
"SVC-DDC-<LocationCode>-VUM01", "Service Account for VMware Update Manager in DDC - <Location>"
"SVC-DDC-<LocationCode>-SQL01", "Service Account for SQL server in DDC - <Location>"
"SVC-DDC-<LocationCode>-SRM01", "Service Account for SRM in DDC - <Location>"
"SVC-DDC-<LocationCode>-VOP01", "Service Account for vROPS collector in DDC - <Location>"
"SVC-DDC-<LocationCode>-VLI01", "Service Account for vRealize LogInsight Forwarder in DDC - <Location>"
"SVC-DDC-<LocationCode>-EMC01", "Service Account for Avamar in DDC - <Location>"