{
    "DiskProvisioning":  "thin",
    "IPAllocationPolicy":  "fixedPolicy",
    "IPProtocol":  "IPv4",
    "Base":  [
                 {
                     "Key":  "Vcenter",
                     "Value":  "ADEVLMEC5VCS001"
                 },
                 {
                     "Key":  "Datastore",
                     "Value":  "vsanDatastoreMGT001"
                 },
                 {
                     "Key":  "Cluster",
                     "Value":  "DEVCMEC5MGT001"
                 },
                 {
                     "Key":  "Folder",
                     "Value":  "vRO"
                 },
                 {
                     "Key":  "OVA",
                     "Value":  "E:/ACCP Software Repository/R4.0/VRO/VMware-vRO-Appliance-7.3.0.21553-5521409_OVF10.ova"
                 }
             ],
    "PropertyMapping":  [
                            {
                                "Key":  "varoot-password",
                                "Value":  "Vmware1!"
                            },
                            {
                                "Key":  "va-ssh-enabled",
                                "Value":  "True"
                            },
                            {
                                "Key":  "ceip_enabled",
                                "Value":  "False"
                            },
                            {
                                "Key":  "vami.hostname",
                                "Value":  "ADEVLMEC5VRO002"
                            },
                            {
                                "Key":  "vami.gateway.VMware_vRealize_Orchestrator_Appliance",
                                "Value":  "10.105.202.1"
                            },
                            {
                                "Key":  "vami.domain.VMware_vRealize_Orchestrator_Appliance",
                                "Value":  "devdpc.local"
                            },
                            {
                                "Key":  "vami.searchpath.VMware_vRealize_Orchestrator_Appliance",
                                "Value":  "devdpc.local"
                            },
                            {
                                "Key":  "vami.DNS.VMware_vRealize_Orchestrator_Appliance",
                                "Value":  "10.105.202.24,10.105.202.25"
                            },
                            {
                                "Key":  "vami.ip0.VMware_vRealize_Orchestrator_Appliance",
                                "Value":  "10.105.202.32"
                            },
                            {
                                "Key":  "vami.netmask0.VMware_vRealize_Orchestrator_Appliance",
                                "Value":  "255.255.255.128"
                            }
                        ],
    "NetworkMapping":  [
                           {
                               "Name":  "Network 1",
                               "Network":  "DEVNMEC50PGMGTTOL0030"
                           }
                       ],
    "PowerOn":  "true",
    "WaitForIP":  "false",
    "Name":  " "
}
