<?xml version="1.0" encoding="utf-8"?><!-- Copyright (c) Microsoft Corporation.  All rights reserved. --><GroupPolicyBackupScheme bkp:version="2.0" bkp:type="GroupPolicyBackupTemplate" xmlns:bkp="http://www.microsoft.com/GroupPolicy/GPOOperations" xmlns="http://www.microsoft.com/GroupPolicy/GPOOperations">
    <GroupPolicyObject><SecurityGroups><Group bkp:Source="FromDACL"><Sid><![CDATA[S-1-5-21-4224125672-1357668333-323894977-512]]></Sid><SamAccountName><![CDATA[Domain Admins]]></SamAccountName><Type><![CDATA[GlobalGroup]]></Type><NetBIOSDomainName><![CDATA[DPCMGT]]></NetBIOSDomainName><DnsDomainName><![CDATA[DPCMGT.LOCAL]]></DnsDomainName><UPN><![CDATA[Domain Admins@DPCMGT.LOCAL]]></UPN></Group><Group bkp:Source="FromDACL"><Sid><![CDATA[S-1-5-21-4224125672-1357668333-323894977-519]]></Sid><SamAccountName><![CDATA[Enterprise Admins]]></SamAccountName><Type><![CDATA[UniversalGroup]]></Type><NetBIOSDomainName><![CDATA[DPCMGT]]></NetBIOSDomainName><DnsDomainName><![CDATA[DPCMGT.LOCAL]]></DnsDomainName><UPN><![CDATA[Enterprise Admins@DPCMGT.LOCAL]]></UPN></Group></SecurityGroups><FilePaths/><GroupPolicyCoreSettings><ID><![CDATA[{ABD6930B-89DB-48F5-95C6-364E59480D15}]]></ID><Domain><![CDATA[DPCMGT.LOCAL]]></Domain><SecurityDescriptor>01 00 04 9c 00 00 00 00 00 00 00 00 00 00 00 00 14 00 00 00 04 00 ec 00 08 00 00 00 05 02 28 00 00 01 00 00 01 00 00 00 8f fd ac ed b3 ff d1 11 b4 1d 00 a0 c9 68 f9 39 01 01 00 00 00 00 00 05 0b 00 00 00 00 00 24 00 ff 00 0f 00 01 05 00 00 00 00 00 05 15 00 00 00 e8 0a c7 fb ed 5f ec 50 c1 3e 4e 13 00 02 00 00 00 02 24 00 ff 00 0f 00 01 05 00 00 00 00 00 05 15 00 00 00 e8 0a c7 fb ed 5f ec 50 c1 3e 4e 13 00 02 00 00 00 02 24 00 ff 00 0f 00 01 05 00 00 00 00 00 05 15 00 00 00 e8 0a c7 fb ed 5f ec 50 c1 3e 4e 13 07 02 00 00 00 02 14 00 94 00 02 00 01 01 00 00 00 00 00 05 09 00 00 00 00 02 14 00 94 00 02 00 01 01 00 00 00 00 00 05 0b 00 00 00 00 02 14 00 ff 00 0f 00 01 01 00 00 00 00 00 05 12 00 00 00 00 0a 14 00 ff 00 0f 00 01 01 00 00 00 00 00 03 00 00 00 00</SecurityDescriptor><DisplayName><![CDATA[ACP-AD-2012R2DomainBasic-v0005]]></DisplayName><Options><![CDATA[1]]></Options><UserVersionNumber><![CDATA[65537]]></UserVersionNumber><MachineVersionNumber><![CDATA[589833]]></MachineVersionNumber><MachineExtensionGuids><![CDATA[[{35378EAC-683F-11D2-A89A-00C04FBBCFA2}{53D6AB1D-2488-11D1-A28C-00C04FB94F17}][{827D319E-6EAC-11D2-A4EA-00C04F79F83A}{803E14A0-B4FB-11D0-A0D0-00A0C90F574B}]]]></MachineExtensionGuids><UserExtensionGuids/><WMIFilter/></GroupPolicyCoreSettings> 
        <GroupPolicyExtension bkp:ID="{35378EAC-683F-11D2-A89A-00C04FBBCFA2}" bkp:DescName="Registry">
            <FSObjectFile bkp:Path="%GPO_MACH_FSPATH%\registry.pol" bkp:SourceExpandedPath="\\AACPWGREAD001.DPCMGT.LOCAL\sysvol\DPCMGT.LOCAL\Policies\{ABD6930B-89DB-48F5-95C6-364E59480D15}\Machine\registry.pol" bkp:Location="DomainSysvol\GPO\Machine\registry.pol"/>
            
            <FSObjectFile bkp:Path="%GPO_FSPATH%\Adm\*.*" bkp:SourceExpandedPath="\\AACPWGREAD001.DPCMGT.LOCAL\sysvol\DPCMGT.LOCAL\Policies\{ABD6930B-89DB-48F5-95C6-364E59480D15}\Adm\*.*"/>
        </GroupPolicyExtension>
        
        
        
        
        <GroupPolicyExtension bkp:ID="{827D319E-6EAC-11D2-A4EA-00C04F79F83A}" bkp:DescName="Security">
            <FSObjectFile bkp:Path="%GPO_MACH_FSPATH%\microsoft\windows nt\SecEdit\GptTmpl.inf" bkp:SourceExpandedPath="\\AACPWGREAD001.DPCMGT.LOCAL\sysvol\DPCMGT.LOCAL\Policies\{ABD6930B-89DB-48F5-95C6-364E59480D15}\Machine\microsoft\windows nt\SecEdit\GptTmpl.inf" bkp:ReEvaluateFunction="SecurityValidateSettings" bkp:Location="DomainSysvol\GPO\Machine\microsoft\windows nt\SecEdit\GptTmpl.inf"/>
        </GroupPolicyExtension>
        
        
        
        
    <GroupPolicyExtension bkp:ID="{F15C46CD-82A0-4C2D-A210-5D0D3182A418}" bkp:DescName="Unknown Extension"><FSObjectDir bkp:Path="%GPO_MACH_FSPATH%\Applications" bkp:SourceExpandedPath="\\AACPWGREAD001.DPCMGT.LOCAL\sysvol\DPCMGT.LOCAL\Policies\{ABD6930B-89DB-48F5-95C6-364E59480D15}\Machine\Applications" bkp:Location="DomainSysvol\GPO\Machine\Applications"/><FSObjectFile bkp:Path="%GPO_MACH_FSPATH%\comment.cmtx" bkp:SourceExpandedPath="\\AACPWGREAD001.DPCMGT.LOCAL\sysvol\DPCMGT.LOCAL\Policies\{ABD6930B-89DB-48F5-95C6-364E59480D15}\Machine\comment.cmtx" bkp:Location="DomainSysvol\GPO\Machine\comment.cmtx"/><FSObjectDir bkp:Path="%GPO_MACH_FSPATH%\microsoft" bkp:SourceExpandedPath="\\AACPWGREAD001.DPCMGT.LOCAL\sysvol\DPCMGT.LOCAL\Policies\{ABD6930B-89DB-48F5-95C6-364E59480D15}\Machine\microsoft" bkp:Location="DomainSysvol\GPO\Machine\microsoft"/><FSObjectDir bkp:Path="%GPO_MACH_FSPATH%\microsoft\windows nt" bkp:SourceExpandedPath="\\AACPWGREAD001.DPCMGT.LOCAL\sysvol\DPCMGT.LOCAL\Policies\{ABD6930B-89DB-48F5-95C6-364E59480D15}\Machine\microsoft\windows nt" bkp:Location="DomainSysvol\GPO\Machine\microsoft\windows nt"/><FSObjectDir bkp:Path="%GPO_MACH_FSPATH%\microsoft\windows nt\SecEdit" bkp:SourceExpandedPath="\\AACPWGREAD001.DPCMGT.LOCAL\sysvol\DPCMGT.LOCAL\Policies\{ABD6930B-89DB-48F5-95C6-364E59480D15}\Machine\microsoft\windows nt\SecEdit" bkp:Location="DomainSysvol\GPO\Machine\microsoft\windows nt\SecEdit"/><FSObjectDir bkp:Path="%GPO_MACH_FSPATH%\Scripts" bkp:SourceExpandedPath="\\AACPWGREAD001.DPCMGT.LOCAL\sysvol\DPCMGT.LOCAL\Policies\{ABD6930B-89DB-48F5-95C6-364E59480D15}\Machine\Scripts" bkp:Location="DomainSysvol\GPO\Machine\Scripts"/><FSObjectDir bkp:Path="%GPO_MACH_FSPATH%\Scripts\Shutdown" bkp:SourceExpandedPath="\\AACPWGREAD001.DPCMGT.LOCAL\sysvol\DPCMGT.LOCAL\Policies\{ABD6930B-89DB-48F5-95C6-364E59480D15}\Machine\Scripts\Shutdown" bkp:Location="DomainSysvol\GPO\Machine\Scripts\Shutdown"/><FSObjectDir bkp:Path="%GPO_MACH_FSPATH%\Scripts\Startup" bkp:SourceExpandedPath="\\AACPWGREAD001.DPCMGT.LOCAL\sysvol\DPCMGT.LOCAL\Policies\{ABD6930B-89DB-48F5-95C6-364E59480D15}\Machine\Scripts\Startup" bkp:Location="DomainSysvol\GPO\Machine\Scripts\Startup"/><FSObjectDir bkp:Path="%GPO_USER_FSPATH%\Documents &amp; Settings" bkp:SourceExpandedPath="\\AACPWGREAD001.DPCMGT.LOCAL\sysvol\DPCMGT.LOCAL\Policies\{ABD6930B-89DB-48F5-95C6-364E59480D15}\User\Documents &amp; Settings" bkp:Location="DomainSysvol\GPO\User\Documents &amp; Settings"/><FSObjectDir bkp:Path="%GPO_USER_FSPATH%\Scripts" bkp:SourceExpandedPath="\\AACPWGREAD001.DPCMGT.LOCAL\sysvol\DPCMGT.LOCAL\Policies\{ABD6930B-89DB-48F5-95C6-364E59480D15}\User\Scripts" bkp:Location="DomainSysvol\GPO\User\Scripts"/><FSObjectDir bkp:Path="%GPO_USER_FSPATH%\Scripts\Logoff" bkp:SourceExpandedPath="\\AACPWGREAD001.DPCMGT.LOCAL\sysvol\DPCMGT.LOCAL\Policies\{ABD6930B-89DB-48F5-95C6-364E59480D15}\User\Scripts\Logoff" bkp:Location="DomainSysvol\GPO\User\Scripts\Logoff"/><FSObjectDir bkp:Path="%GPO_USER_FSPATH%\Scripts\Logon" bkp:SourceExpandedPath="\\AACPWGREAD001.DPCMGT.LOCAL\sysvol\DPCMGT.LOCAL\Policies\{ABD6930B-89DB-48F5-95C6-364E59480D15}\User\Scripts\Logon" bkp:Location="DomainSysvol\GPO\User\Scripts\Logon"/></GroupPolicyExtension></GroupPolicyObject>
</GroupPolicyBackupScheme>