<BackupInst xmlns="http://www.microsoft.com/GroupPolicy/GPOOperations/Manifest"><GPOGuid><![CDATA[{ABD6930B-89DB-48F5-95C6-364E59480D15}]]></GPOGuid><GPODomain><![CDATA[DPCMGT.LOCAL]]></GPODomain><GPODomainGuid><![CDATA[{9fbe6325-3ece-41bc-aab1-11cdd625c30e}]]></GPODomainGuid><GPODomainController><![CDATA[AACPWGREAD001.DPCMGT.LOCAL]]></GPODomainController><BackupTime><![CDATA[2016-10-16T10:27:11]]></BackupTime><ID><![CDATA[{79A2B802-6C86-41E9-8600-BCD6CE978C9C}]]></ID><Comment><![CDATA[]]></Comment><GPODisplayName><![CDATA[ACP-AD-2012R2DomainBasic-v0005]]></GPODisplayName></BackupInst>
