Group,Member
DELG-ACP-TSS-L-RDPUsers,ROLE-BXP-<LocationCode>-G-InfrastructureAdmins
DELG-ACP-TSS-L-RDPUsers,ROLE-BXP-<LocationCode>-G-NSXAdmins
DELG-ACP-TSS-L-RDPUsers,ROLE-BXP-<LocationCode>-G-WorkloadAdmins
DELG-ACP-TSS-L-RDPUsers,ROLE-BXP-<LocationCode>-G-ClientBackupAdmins
APPL-DPC-VRO-L-Admins,SVC-BXP-<LocationCode>-VRO01
APPL-BXP-<LocationCode>-VCS-L-Admins,SVC-BXP-<LocationCode>-NSX01
APPL-BXP-<LocationCode>-VCS-L-Admins,SVC-BXP-<LocationCode>-VRO01
APPL-BXP-<LocationCode>-VCS-L-Admins,SVC-BXP-<LocationCode>-VRA01
APPL-BXP-<LocationCode>-VCS-L-Admins,SVC-BXP-<LocationCode>-VDP01
APPL-BXP-<LocationCode>-VCS-L-Admins,SVC-BXP-<LocationCode>-VUM01
APPL-BXP-<LocationCode>-VCS-L-Admins,SVC-BXP-<LocationCode>-VOP01
APPL-BXP-<LocationCode>-VCS-L-Admins,SVC-BXP-<LocationCode>-VLI01
APPL-BXP-<LocationCode>-VCS-L-Admins,SVC-BXP-<LocationCode>-EMC01
APPL-BXP-<LocationCode>-VCS-L-Admins,SVC-ACP-VCM02
APPL-BXP-<LocationCode>-VCS-L-Admins,SVC-ACP-VRA01
APPL-BXP-<LocationCode>-VCS-L-Admins,ROLE-BXP-<LocationCode>-G-InfrastructureAdmins
APPL-BXP-<LocationCode>-VCS-L-Readonly,ROLE-BXP-<LocationCode>-G-NSXAdmins
APPL-BXP-<LocationCode>-VCS-L-Readonly,ROLE-BXP-<LocationCode>-G-WorkloadAdmins
APPL-BXP-<LocationCode>-VCS-L-Readonly,SVC-ACP-CSI01
APPL-BXP-<LocationCode>-SQL-L-Admins,ROLE-BXP-<LocationCode>-G-InfrastructureAdmins
APPL-BXP-<LocationCode>-NSX-L-EnterpriseAdmins,ROLE-BXP-<LocationCode>-G-NSXAdmins
APPL-BXP-<LocationCode>-NSX-L-EnterpriseAdmins,SVC-BXP-<LocationCode>-VOP01
APPL-BXP-<LocationCode>-NSX-L-EnterpriseAdmins,SVC-BXP-<LocationCode>-VRO01
APPL-BXP-<LocationCode>-NSX-L-EnterpriseAdmins,SVC-BXP-<LocationCode>-VRA01
DELG-BXP-<LocationCode>-SVR-L-Admins,ROLE-BXP-<LocationCode>-G-InfrastructureAdmins
DELG-BXP-<LocationCode>-SVR-L-Admins,SVC-ACP-VCM01
DELG-BXP-<LocationCode>-SVR-L-Admins,SVC-ACP-EPO01
DELG-BXP-<LocationCode>-TSS-L-RDPUsers,ROLE-BXP-<LocationCode>-G-WorkloadAdmins
DELG-BXP-<LocationCode>-TSS-L-RDPUsers,ROLE-BXP-<LocationCode>-G-NSXAdmins
DELG-BXP-<LocationCode>-ESX-L-Admins,ROLE-BXP-<LocationCode>-G-InfrastructureAdmins
APPL-BXP-<LocationCode>-EMC-L-ClientBackupAdmins,ROLE-BXP-<LocationCode>-G-ClientBackupAdmins
APPL-BXP-<LocationCode>-VCS-L-AvamarAccess,SVC-BXP-<LocationCode>-EMC01
APPL-BXP-<LocationCode>-SAI-L-Admins,ROLE-ACP-G-InfrastructureAdmins
DELG-DPC-AD-L-DenyLogonLocal,SVC-BXP-<LocationCode>-LDP01
DELG-DPC-AD-L-DenyLogonLocal,SVC-BXP-<LocationCode>-NSX01
DELG-DPC-AD-L-DenyLogonLocal,SVC-BXP-<LocationCode>-VRA01
DELG-DPC-AD-L-DenyLogonLocal,SVC-BXP-<LocationCode>-VRO01
DELG-DPC-AD-L-DenyLogonLocal,SVC-BXP-<LocationCode>-VDP01
DELG-DPC-AD-L-DenyLogonLocal,SVC-BXP-<LocationCode>-VUM01
DELG-DPC-AD-L-DenyLogonLocal,SVC-BXP-<LocationCode>-SQL01
DELG-DPC-AD-L-DenyLogonLocal,SVC-BXP-<LocationCode>-SRM01
DELG-DPC-AD-L-DenyLogonLocal,SVC-BXP-<LocationCode>-EMC01
DELG-DPC-AD-L-DenyLogonLocal,SVC-BXP-<LocationCode>-SAI01
DELG-DPC-AD-L-DenyLogonLocal,SVC-BXP-<LocationCode>-BNA01
DELG-DPC-AD-G-AdminPwdPolicy,SVC-BXP-<LocationCode>-LDP01
DELG-DPC-AD-G-AdminPwdPolicy,SVC-BXP-<LocationCode>-NSX01
DELG-DPC-AD-G-AdminPwdPolicy,SVC-BXP-<LocationCode>-VRA01
DELG-DPC-AD-G-AdminPwdPolicy,SVC-BXP-<LocationCode>-VRO01
DELG-DPC-AD-G-AdminPwdPolicy,SVC-BXP-<LocationCode>-VDP01
DELG-DPC-AD-G-AdminPwdPolicy,SVC-BXP-<LocationCode>-VUM01
DELG-DPC-AD-G-AdminPwdPolicy,SVC-BXP-<LocationCode>-SQL01
DELG-DPC-AD-G-AdminPwdPolicy,SVC-BXP-<LocationCode>-SRM01
DELG-DPC-AD-G-AdminPwdPolicy,SVC-BXP-<LocationCode>-EMC01
DELG-DPC-AD-G-AdminPwdPolicy,SVC-BXP-<LocationCode>-SAI01
DELG-DPC-AD-G-AdminPwdPolicy,SVC-BXP-<LocationCode>-BNA01
DELG-DPC-AD-L-LogOnAsServiceRights,SVC-BXP-<LocationCode>-LDP01
DELG-DPC-AD-L-LogOnAsServiceRights,SVC-BXP-<LocationCode>-NSX01
DELG-DPC-AD-L-LogOnAsServiceRights,SVC-BXP-<LocationCode>-VRA01
DELG-DPC-AD-L-LogOnAsServiceRights,SVC-BXP-<LocationCode>-VRO01
DELG-DPC-AD-L-LogOnAsServiceRights,SVC-BXP-<LocationCode>-VDP01
DELG-DPC-AD-L-LogOnAsServiceRights,SVC-BXP-<LocationCode>-VUM01
DELG-DPC-AD-L-LogOnAsServiceRights,SVC-BXP-<LocationCode>-SRM01
DELG-DPC-AD-L-LogOnAsServiceRights,SVC-BXP-<LocationCode>-SQL01
DELG-DPC-AD-L-LogOnAsServiceRights,SVC-BXP-<LocationCode>-EMC01
DELG-DPC-AD-L-LogOnAsServiceRights,SVC-BXP-<LocationCode>-SAI01
DELG-DPC-AD-L-LogOnAsServiceRights,SVC-BXP-<LocationCode>-BNA01