"Name","Description"
"APPL-BXP-<LocationCode>-VCS-L-Admins","Resource Group for Administrators of BXP vCenter - <Location>"
"APPL-BXP-<LocationCode>-VCS-L-Readonly","Resource Group for Users of BXP vCenter - <Location>"
"APPL-BXP-<LocationCode>-SQL-L-Admins","Resource Group for Administrators of BXP SQL - <Location>"
"DELG-BXP-<LocationCode>-SVR-L-Admins",Resource Group for Administrators of BXP Windows Servers - <Location>"
"DELG-BXP-<LocationCode>-SVR-L-RDPUsers",Resource Group for RDP Users of BXP Windows Servers - <Location>"
"DELG-BXP-<LocationCode>-TSS-L-RDPUsers",Resource Group for RDP Users of BXP Terminal Servers - <Location>"
"APPL-BXP-<LocationCode>-VCS-L-WorkloadAdmin","Resource Group for Customer OS Management team - <Location>"
"APPL-BXP-<LocationCode>-NSX-L-EnterpriseAdmins","Resource Group for NSX Enterprise Admins in BXP - <Location>"
"DELG-BXP-<LocationCode>-ESX-L-Admins","Resource Group for Administrators of ESXi hosts in BXP - <Location>"
"APPL-BXP-<LocationCode>-EMC-L-ClientBackupAdmins","Resource group for Client Workload Backup Admins in Avamar for BXP - <Location>"
"APPL-BXP-<LocationCode>-VCS-L-AvamarAccess","Resource group for Avamar Service account to access vCenter server in BXP - <Location>"
"APPL-BXP-<LocationCode>-SAI-L-Admins","Resource Group for EMC Unisphere Central admin group  in BXP - <Location>"
"APPL-BXP-<LocationCode>-BNA-L-Admins","Resource Group for Administrators of CMCNE - <Location>"
"APPL-BXP-<LocationCode>-SHW-L-Admins","Resource Group for Administrators of Server Hardware  in BXP - <Location>"