"SamAccountName","Description"
"SVC-BXP-<LocationCode>-LDP01", "Service Account used by BXP vcenter in <Location> to bind with LDAP"
"SVC-BXP-<LocationCode>-NSX01", "Service Account for VMware NSX in BXP - <Location>"
"SVC-BXP-<LocationCode>-VRA01", "Service Account for vRealize Automation in BXP - <Location>"
"SVC-BXP-<LocationCode>-VRO01", "Service Account for vRealize Orchestrator in BXP - <Location>"
"SVC-BXP-<LocationCode>-VDP01", "Service Account vSphere Data Protection in BXP - <Location>"
"SVC-BXP-<LocationCode>-VUM01", "Service Account for VMware Update Manager in BXP - <Location>"
"SVC-BXP-<LocationCode>-SQL01", "Service Account for SQL server in BXP - <Location>"
"SVC-BXP-<LocationCode>-SRM01", "Service Account for SRM in BXP - <Location>"
"SVC-BXP-<LocationCode>-VOP01", "Service Account for vROPS collector in BXP - <Location>"
"SVC-BXP-<LocationCode>-VLI01", "Service Account for vRealize LogInsight Forwarder in BXP - <Location>"
"SVC-BXP-<LocationCode>-EMC01", "Service Account for Avamar in BXP - <Location>"
"SVC-BXP-<LocationCode>-SAI01", "Service Account used by EMC Unisphere Central in BXP to bind with LDAP - <Location>"
"SVC-BXP-<LocationCode>-BNA01", "Service Account used by CMCNE in BXP Grenoble to bind with LDAP - <Location>"